V1,V2,V3,V4,V5,V6,V7,V8,V9,V10,V11,V12,V13,V14,V15,V16,V17,V18,V19,V20,V21,V22,V23,V24,V25,V26,V27,V28,V29,V30,V31,V32,V33,V34,V35,V36,V37,V38,V39,V40,V41,V42,V43,V44,V45,V46,V47,V48,V49,V50,V51,V52,V53,V54,V55,V56,V57,V58,V59,V60,V61,V62,V63,V64,V65,V66,V67,V68,V69,V70,V71,V72,V73,V74,V75,V76,V77,V78,V79,V80,V81,V82,V83,V84,V85,V86,V87,V88,V89,V90
0,0,0,0,0,0,0,0,0,0,2,2,2,2,2,2,2,2,2,2,5,5,5,5,5,5,5,5,5,5,7,7,7,7,7,7,7,7,7,7,10,10,10,10,10,10,10,10,10,10,11,11,11,11,11,11,11,11,11,11,12,12,12,12,12,12,12,12,12,12,13,13,13,13,13,13,13,13,13,13,14,14,14,14,14,14,14,14,14,14
0,0,0,0,0,0,0,0,0,0,2,2,2,2,2,2,2,2,2,2,5,5,5,5,5,5,5,5,5,5,7,7,7,7,7,7,7,7,7,7,10,10,10,10,10,10,10,10,10,10,11,11,11,11,11,11,11,11,11,11,12,12,12,12,12,12,12,12,12,12,13,13,13,13,13,13,13,13,13,13,14,14,14,14,14,14,14,14,14,14
0,0,0,0,0,0,0,0,0,0,2,2,2,2,2,2,2,2,2,2,5,5,5,5,5,5,5,5,5,5,7,7,7,7,7,7,7,7,7,7,10,10,10,10,10,10,10,10,10,10,11,11,11,11,11,11,11,11,11,11,12,12,12,12,12,12,12,12,12,12,13,13,13,13,13,13,13,13,13,13,14,14,14,14,14,14,14,14,14,14
0,0,0,0,0,0,0,0,0,0,2,2,2,2,2,2,2,2,2,2,5,5,5,5,5,5,5,5,5,5,7,7,7,7,7,7,7,7,7,7,10,10,10,10,10,10,10,10,10,10,11,11,11,11,11,11,11,11,11,11,12,12,12,12,12,12,12,12,12,12,13,13,13,13,13,13,13,13,13,13,14,14,14,14,14,14,14,14,14,14
0,0,0,0,0,0,0,0,0,0,2,2,2,2,2,2,2,2,2,2,5,5,5,5,5,5,5,5,5,5,7,7,7,7,7,7,7,7,7,7,10,10,10,10,10,10,10,10,10,10,11,11,11,11,11,11,11,11,11,11,12,12,12,12,12,12,12,12,12,12,13,13,13,13,13,13,13,13,13,13,14,14,14,14,14,14,14,14,14,14
0,0,0,0,0,0,0,0,0,0,2,2,2,2,2,2,2,2,2,2,5,5,5,5,5,5,5,5,5,5,7,7,7,7,7,7,7,7,7,7,10,10,10,10,10,10,10,10,10,10,11,11,11,11,11,11,11,11,11,11,12,12,12,12,12,12,12,12,12,12,13,13,13,13,13,13,13,13,13,13,14,14,14,14,14,14,14,14,14,14
0,0,0,0,0,0,0,0,0,0,2,2,2,2,2,2,2,2,2,2,5,5,5,5,5,5,5,5,5,5,7,7,7,7,7,7,7,7,7,7,10,10,10,10,10,10,10,10,10,10,11,11,11,11,11,11,11,11,11,11,12,12,12,12,12,12,12,12,12,12,13,13,13,13,13,13,13,13,13,13,14,14,14,14,14,14,14,14,14,14
0,0,0,0,0,0,0,0,0,0,2,2,2,2,2,2,2,2,2,2,5,5,5,5,5,5,5,5,5,5,7,7,7,7,7,7,7,7,7,7,10,10,10,10,10,10,10,10,10,10,11,11,11,11,11,11,11,11,11,11,12,12,12,12,12,12,12,12,12,12,13,13,13,13,13,13,13,13,13,13,14,14,14,14,14,14,14,14,14,14
0,0,0,0,0,0,0,0,0,0,2,2,2,2,2,2,2,2,2,2,5,5,5,5,5,5,5,5,5,5,7,7,7,7,7,7,7,7,7,7,10,10,10,10,10,10,10,10,10,10,11,11,11,11,11,11,11,11,11,11,12,12,12,12,12,12,12,12,12,12,13,13,13,13,13,13,13,13,13,13,14,14,14,14,14,14,14,14,14,14
0,0,0,0,0,0,0,0,0,0,2,2,2,2,2,2,2,2,2,2,5,5,5,5,5,5,5,5,5,5,7,7,7,7,7,7,7,7,7,7,10,10,10,10,10,10,10,10,10,10,11,11,11,11,11,11,11,11,11,11,12,12,12,12,12,12,12,12,12,12,13,13,13,13,13,13,13,13,13,13,14,14,14,14,14,14,14,14,14,14
2,2,2,2,2,2,2,2,2,2,0,0,0,0,0,0,0,0,0,0,3,3,3,3,3,3,3,3,3,3,5,5,5,5,5,5,5,5,5,5,8,8,8,8,8,8,8,8,8,8,9,9,9,9,9,9,9,9,9,9,10,10,10,10,10,10,10,10,10,10,11,11,11,11,11,11,11,11,11,11,12,12,12,12,12,12,12,12,12,12
2,2,2,2,2,2,2,2,2,2,0,0,0,0,0,0,0,0,0,0,3,3,3,3,3,3,3,3,3,3,5,5,5,5,5,5,5,5,5,5,8,8,8,8,8,8,8,8,8,8,9,9,9,9,9,9,9,9,9,9,10,10,10,10,10,10,10,10,10,10,11,11,11,11,11,11,11,11,11,11,12,12,12,12,12,12,12,12,12,12
2,2,2,2,2,2,2,2,2,2,0,0,0,0,0,0,0,0,0,0,3,3,3,3,3,3,3,3,3,3,5,5,5,5,5,5,5,5,5,5,8,8,8,8,8,8,8,8,8,8,9,9,9,9,9,9,9,9,9,9,10,10,10,10,10,10,10,10,10,10,11,11,11,11,11,11,11,11,11,11,12,12,12,12,12,12,12,12,12,12
2,2,2,2,2,2,2,2,2,2,0,0,0,0,0,0,0,0,0,0,3,3,3,3,3,3,3,3,3,3,5,5,5,5,5,5,5,5,5,5,8,8,8,8,8,8,8,8,8,8,9,9,9,9,9,9,9,9,9,9,10,10,10,10,10,10,10,10,10,10,11,11,11,11,11,11,11,11,11,11,12,12,12,12,12,12,12,12,12,12
2,2,2,2,2,2,2,2,2,2,0,0,0,0,0,0,0,0,0,0,3,3,3,3,3,3,3,3,3,3,5,5,5,5,5,5,5,5,5,5,8,8,8,8,8,8,8,8,8,8,9,9,9,9,9,9,9,9,9,9,10,10,10,10,10,10,10,10,10,10,11,11,11,11,11,11,11,11,11,11,12,12,12,12,12,12,12,12,12,12
2,2,2,2,2,2,2,2,2,2,0,0,0,0,0,0,0,0,0,0,3,3,3,3,3,3,3,3,3,3,5,5,5,5,5,5,5,5,5,5,8,8,8,8,8,8,8,8,8,8,9,9,9,9,9,9,9,9,9,9,10,10,10,10,10,10,10,10,10,10,11,11,11,11,11,11,11,11,11,11,12,12,12,12,12,12,12,12,12,12
2,2,2,2,2,2,2,2,2,2,0,0,0,0,0,0,0,0,0,0,3,3,3,3,3,3,3,3,3,3,5,5,5,5,5,5,5,5,5,5,8,8,8,8,8,8,8,8,8,8,9,9,9,9,9,9,9,9,9,9,10,10,10,10,10,10,10,10,10,10,11,11,11,11,11,11,11,11,11,11,12,12,12,12,12,12,12,12,12,12
2,2,2,2,2,2,2,2,2,2,0,0,0,0,0,0,0,0,0,0,3,3,3,3,3,3,3,3,3,3,5,5,5,5,5,5,5,5,5,5,8,8,8,8,8,8,8,8,8,8,9,9,9,9,9,9,9,9,9,9,10,10,10,10,10,10,10,10,10,10,11,11,11,11,11,11,11,11,11,11,12,12,12,12,12,12,12,12,12,12
2,2,2,2,2,2,2,2,2,2,0,0,0,0,0,0,0,0,0,0,3,3,3,3,3,3,3,3,3,3,5,5,5,5,5,5,5,5,5,5,8,8,8,8,8,8,8,8,8,8,9,9,9,9,9,9,9,9,9,9,10,10,10,10,10,10,10,10,10,10,11,11,11,11,11,11,11,11,11,11,12,12,12,12,12,12,12,12,12,12
2,2,2,2,2,2,2,2,2,2,0,0,0,0,0,0,0,0,0,0,3,3,3,3,3,3,3,3,3,3,5,5,5,5,5,5,5,5,5,5,8,8,8,8,8,8,8,8,8,8,9,9,9,9,9,9,9,9,9,9,10,10,10,10,10,10,10,10,10,10,11,11,11,11,11,11,11,11,11,11,12,12,12,12,12,12,12,12,12,12
5,5,5,5,5,5,5,5,5,5,3,3,3,3,3,3,3,3,3,3,0,0,0,0,0,0,0,0,0,0,2,2,2,2,2,2,2,2,2,2,5,5,5,5,5,5,5,5,5,5,6,6,6,6,6,6,6,6,6,6,7,7,7,7,7,7,7,7,7,7,8,8,8,8,8,8,8,8,8,8,9,9,9,9,9,9,9,9,9,9
5,5,5,5,5,5,5,5,5,5,3,3,3,3,3,3,3,3,3,3,0,0,0,0,0,0,0,0,0,0,2,2,2,2,2,2,2,2,2,2,5,5,5,5,5,5,5,5,5,5,6,6,6,6,6,6,6,6,6,6,7,7,7,7,7,7,7,7,7,7,8,8,8,8,8,8,8,8,8,8,9,9,9,9,9,9,9,9,9,9
5,5,5,5,5,5,5,5,5,5,3,3,3,3,3,3,3,3,3,3,0,0,0,0,0,0,0,0,0,0,2,2,2,2,2,2,2,2,2,2,5,5,5,5,5,5,5,5,5,5,6,6,6,6,6,6,6,6,6,6,7,7,7,7,7,7,7,7,7,7,8,8,8,8,8,8,8,8,8,8,9,9,9,9,9,9,9,9,9,9
5,5,5,5,5,5,5,5,5,5,3,3,3,3,3,3,3,3,3,3,0,0,0,0,0,0,0,0,0,0,2,2,2,2,2,2,2,2,2,2,5,5,5,5,5,5,5,5,5,5,6,6,6,6,6,6,6,6,6,6,7,7,7,7,7,7,7,7,7,7,8,8,8,8,8,8,8,8,8,8,9,9,9,9,9,9,9,9,9,9
5,5,5,5,5,5,5,5,5,5,3,3,3,3,3,3,3,3,3,3,0,0,0,0,0,0,0,0,0,0,2,2,2,2,2,2,2,2,2,2,5,5,5,5,5,5,5,5,5,5,6,6,6,6,6,6,6,6,6,6,7,7,7,7,7,7,7,7,7,7,8,8,8,8,8,8,8,8,8,8,9,9,9,9,9,9,9,9,9,9
5,5,5,5,5,5,5,5,5,5,3,3,3,3,3,3,3,3,3,3,0,0,0,0,0,0,0,0,0,0,2,2,2,2,2,2,2,2,2,2,5,5,5,5,5,5,5,5,5,5,6,6,6,6,6,6,6,6,6,6,7,7,7,7,7,7,7,7,7,7,8,8,8,8,8,8,8,8,8,8,9,9,9,9,9,9,9,9,9,9
5,5,5,5,5,5,5,5,5,5,3,3,3,3,3,3,3,3,3,3,0,0,0,0,0,0,0,0,0,0,2,2,2,2,2,2,2,2,2,2,5,5,5,5,5,5,5,5,5,5,6,6,6,6,6,6,6,6,6,6,7,7,7,7,7,7,7,7,7,7,8,8,8,8,8,8,8,8,8,8,9,9,9,9,9,9,9,9,9,9
5,5,5,5,5,5,5,5,5,5,3,3,3,3,3,3,3,3,3,3,0,0,0,0,0,0,0,0,0,0,2,2,2,2,2,2,2,2,2,2,5,5,5,5,5,5,5,5,5,5,6,6,6,6,6,6,6,6,6,6,7,7,7,7,7,7,7,7,7,7,8,8,8,8,8,8,8,8,8,8,9,9,9,9,9,9,9,9,9,9
5,5,5,5,5,5,5,5,5,5,3,3,3,3,3,3,3,3,3,3,0,0,0,0,0,0,0,0,0,0,2,2,2,2,2,2,2,2,2,2,5,5,5,5,5,5,5,5,5,5,6,6,6,6,6,6,6,6,6,6,7,7,7,7,7,7,7,7,7,7,8,8,8,8,8,8,8,8,8,8,9,9,9,9,9,9,9,9,9,9
5,5,5,5,5,5,5,5,5,5,3,3,3,3,3,3,3,3,3,3,0,0,0,0,0,0,0,0,0,0,2,2,2,2,2,2,2,2,2,2,5,5,5,5,5,5,5,5,5,5,6,6,6,6,6,6,6,6,6,6,7,7,7,7,7,7,7,7,7,7,8,8,8,8,8,8,8,8,8,8,9,9,9,9,9,9,9,9,9,9
7,7,7,7,7,7,7,7,7,7,5,5,5,5,5,5,5,5,5,5,2,2,2,2,2,2,2,2,2,2,0,0,0,0,0,0,0,0,0,0,3,3,3,3,3,3,3,3,3,3,4,4,4,4,4,4,4,4,4,4,5,5,5,5,5,5,5,5,5,5,6,6,6,6,6,6,6,6,6,6,7,7,7,7,7,7,7,7,7,7
7,7,7,7,7,7,7,7,7,7,5,5,5,5,5,5,5,5,5,5,2,2,2,2,2,2,2,2,2,2,0,0,0,0,0,0,0,0,0,0,3,3,3,3,3,3,3,3,3,3,4,4,4,4,4,4,4,4,4,4,5,5,5,5,5,5,5,5,5,5,6,6,6,6,6,6,6,6,6,6,7,7,7,7,7,7,7,7,7,7
7,7,7,7,7,7,7,7,7,7,5,5,5,5,5,5,5,5,5,5,2,2,2,2,2,2,2,2,2,2,0,0,0,0,0,0,0,0,0,0,3,3,3,3,3,3,3,3,3,3,4,4,4,4,4,4,4,4,4,4,5,5,5,5,5,5,5,5,5,5,6,6,6,6,6,6,6,6,6,6,7,7,7,7,7,7,7,7,7,7
7,7,7,7,7,7,7,7,7,7,5,5,5,5,5,5,5,5,5,5,2,2,2,2,2,2,2,2,2,2,0,0,0,0,0,0,0,0,0,0,3,3,3,3,3,3,3,3,3,3,4,4,4,4,4,4,4,4,4,4,5,5,5,5,5,5,5,5,5,5,6,6,6,6,6,6,6,6,6,6,7,7,7,7,7,7,7,7,7,7
7,7,7,7,7,7,7,7,7,7,5,5,5,5,5,5,5,5,5,5,2,2,2,2,2,2,2,2,2,2,0,0,0,0,0,0,0,0,0,0,3,3,3,3,3,3,3,3,3,3,4,4,4,4,4,4,4,4,4,4,5,5,5,5,5,5,5,5,5,5,6,6,6,6,6,6,6,6,6,6,7,7,7,7,7,7,7,7,7,7
7,7,7,7,7,7,7,7,7,7,5,5,5,5,5,5,5,5,5,5,2,2,2,2,2,2,2,2,2,2,0,0,0,0,0,0,0,0,0,0,3,3,3,3,3,3,3,3,3,3,4,4,4,4,4,4,4,4,4,4,5,5,5,5,5,5,5,5,5,5,6,6,6,6,6,6,6,6,6,6,7,7,7,7,7,7,7,7,7,7
7,7,7,7,7,7,7,7,7,7,5,5,5,5,5,5,5,5,5,5,2,2,2,2,2,2,2,2,2,2,0,0,0,0,0,0,0,0,0,0,3,3,3,3,3,3,3,3,3,3,4,4,4,4,4,4,4,4,4,4,5,5,5,5,5,5,5,5,5,5,6,6,6,6,6,6,6,6,6,6,7,7,7,7,7,7,7,7,7,7
7,7,7,7,7,7,7,7,7,7,5,5,5,5,5,5,5,5,5,5,2,2,2,2,2,2,2,2,2,2,0,0,0,0,0,0,0,0,0,0,3,3,3,3,3,3,3,3,3,3,4,4,4,4,4,4,4,4,4,4,5,5,5,5,5,5,5,5,5,5,6,6,6,6,6,6,6,6,6,6,7,7,7,7,7,7,7,7,7,7
7,7,7,7,7,7,7,7,7,7,5,5,5,5,5,5,5,5,5,5,2,2,2,2,2,2,2,2,2,2,0,0,0,0,0,0,0,0,0,0,3,3,3,3,3,3,3,3,3,3,4,4,4,4,4,4,4,4,4,4,5,5,5,5,5,5,5,5,5,5,6,6,6,6,6,6,6,6,6,6,7,7,7,7,7,7,7,7,7,7
7,7,7,7,7,7,7,7,7,7,5,5,5,5,5,5,5,5,5,5,2,2,2,2,2,2,2,2,2,2,0,0,0,0,0,0,0,0,0,0,3,3,3,3,3,3,3,3,3,3,4,4,4,4,4,4,4,4,4,4,5,5,5,5,5,5,5,5,5,5,6,6,6,6,6,6,6,6,6,6,7,7,7,7,7,7,7,7,7,7
10,10,10,10,10,10,10,10,10,10,8,8,8,8,8,8,8,8,8,8,5,5,5,5,5,5,5,5,5,5,3,3,3,3,3,3,3,3,3,3,0,0,0,0,0,0,0,0,0,0,1,1,1,1,1,1,1,1,1,1,2,2,2,2,2,2,2,2,2,2,3,3,3,3,3,3,3,3,3,3,4,4,4,4,4,4,4,4,4,4
10,10,10,10,10,10,10,10,10,10,8,8,8,8,8,8,8,8,8,8,5,5,5,5,5,5,5,5,5,5,3,3,3,3,3,3,3,3,3,3,0,0,0,0,0,0,0,0,0,0,1,1,1,1,1,1,1,1,1,1,2,2,2,2,2,2,2,2,2,2,3,3,3,3,3,3,3,3,3,3,4,4,4,4,4,4,4,4,4,4
10,10,10,10,10,10,10,10,10,10,8,8,8,8,8,8,8,8,8,8,5,5,5,5,5,5,5,5,5,5,3,3,3,3,3,3,3,3,3,3,0,0,0,0,0,0,0,0,0,0,1,1,1,1,1,1,1,1,1,1,2,2,2,2,2,2,2,2,2,2,3,3,3,3,3,3,3,3,3,3,4,4,4,4,4,4,4,4,4,4
10,10,10,10,10,10,10,10,10,10,8,8,8,8,8,8,8,8,8,8,5,5,5,5,5,5,5,5,5,5,3,3,3,3,3,3,3,3,3,3,0,0,0,0,0,0,0,0,0,0,1,1,1,1,1,1,1,1,1,1,2,2,2,2,2,2,2,2,2,2,3,3,3,3,3,3,3,3,3,3,4,4,4,4,4,4,4,4,4,4
10,10,10,10,10,10,10,10,10,10,8,8,8,8,8,8,8,8,8,8,5,5,5,5,5,5,5,5,5,5,3,3,3,3,3,3,3,3,3,3,0,0,0,0,0,0,0,0,0,0,1,1,1,1,1,1,1,1,1,1,2,2,2,2,2,2,2,2,2,2,3,3,3,3,3,3,3,3,3,3,4,4,4,4,4,4,4,4,4,4
10,10,10,10,10,10,10,10,10,10,8,8,8,8,8,8,8,8,8,8,5,5,5,5,5,5,5,5,5,5,3,3,3,3,3,3,3,3,3,3,0,0,0,0,0,0,0,0,0,0,1,1,1,1,1,1,1,1,1,1,2,2,2,2,2,2,2,2,2,2,3,3,3,3,3,3,3,3,3,3,4,4,4,4,4,4,4,4,4,4
10,10,10,10,10,10,10,10,10,10,8,8,8,8,8,8,8,8,8,8,5,5,5,5,5,5,5,5,5,5,3,3,3,3,3,3,3,3,3,3,0,0,0,0,0,0,0,0,0,0,1,1,1,1,1,1,1,1,1,1,2,2,2,2,2,2,2,2,2,2,3,3,3,3,3,3,3,3,3,3,4,4,4,4,4,4,4,4,4,4
10,10,10,10,10,10,10,10,10,10,8,8,8,8,8,8,8,8,8,8,5,5,5,5,5,5,5,5,5,5,3,3,3,3,3,3,3,3,3,3,0,0,0,0,0,0,0,0,0,0,1,1,1,1,1,1,1,1,1,1,2,2,2,2,2,2,2,2,2,2,3,3,3,3,3,3,3,3,3,3,4,4,4,4,4,4,4,4,4,4
10,10,10,10,10,10,10,10,10,10,8,8,8,8,8,8,8,8,8,8,5,5,5,5,5,5,5,5,5,5,3,3,3,3,3,3,3,3,3,3,0,0,0,0,0,0,0,0,0,0,1,1,1,1,1,1,1,1,1,1,2,2,2,2,2,2,2,2,2,2,3,3,3,3,3,3,3,3,3,3,4,4,4,4,4,4,4,4,4,4
10,10,10,10,10,10,10,10,10,10,8,8,8,8,8,8,8,8,8,8,5,5,5,5,5,5,5,5,5,5,3,3,3,3,3,3,3,3,3,3,0,0,0,0,0,0,0,0,0,0,1,1,1,1,1,1,1,1,1,1,2,2,2,2,2,2,2,2,2,2,3,3,3,3,3,3,3,3,3,3,4,4,4,4,4,4,4,4,4,4
11,11,11,11,11,11,11,11,11,11,9,9,9,9,9,9,9,9,9,9,6,6,6,6,6,6,6,6,6,6,4,4,4,4,4,4,4,4,4,4,1,1,1,1,1,1,1,1,1,1,0,0,0,0,0,0,0,0,0,0,1,1,1,1,1,1,1,1,1,1,2,2,2,2,2,2,2,2,2,2,3,3,3,3,3,3,3,3,3,3
11,11,11,11,11,11,11,11,11,11,9,9,9,9,9,9,9,9,9,9,6,6,6,6,6,6,6,6,6,6,4,4,4,4,4,4,4,4,4,4,1,1,1,1,1,1,1,1,1,1,0,0,0,0,0,0,0,0,0,0,1,1,1,1,1,1,1,1,1,1,2,2,2,2,2,2,2,2,2,2,3,3,3,3,3,3,3,3,3,3
11,11,11,11,11,11,11,11,11,11,9,9,9,9,9,9,9,9,9,9,6,6,6,6,6,6,6,6,6,6,4,4,4,4,4,4,4,4,4,4,1,1,1,1,1,1,1,1,1,1,0,0,0,0,0,0,0,0,0,0,1,1,1,1,1,1,1,1,1,1,2,2,2,2,2,2,2,2,2,2,3,3,3,3,3,3,3,3,3,3
11,11,11,11,11,11,11,11,11,11,9,9,9,9,9,9,9,9,9,9,6,6,6,6,6,6,6,6,6,6,4,4,4,4,4,4,4,4,4,4,1,1,1,1,1,1,1,1,1,1,0,0,0,0,0,0,0,0,0,0,1,1,1,1,1,1,1,1,1,1,2,2,2,2,2,2,2,2,2,2,3,3,3,3,3,3,3,3,3,3
11,11,11,11,11,11,11,11,11,11,9,9,9,9,9,9,9,9,9,9,6,6,6,6,6,6,6,6,6,6,4,4,4,4,4,4,4,4,4,4,1,1,1,1,1,1,1,1,1,1,0,0,0,0,0,0,0,0,0,0,1,1,1,1,1,1,1,1,1,1,2,2,2,2,2,2,2,2,2,2,3,3,3,3,3,3,3,3,3,3
11,11,11,11,11,11,11,11,11,11,9,9,9,9,9,9,9,9,9,9,6,6,6,6,6,6,6,6,6,6,4,4,4,4,4,4,4,4,4,4,1,1,1,1,1,1,1,1,1,1,0,0,0,0,0,0,0,0,0,0,1,1,1,1,1,1,1,1,1,1,2,2,2,2,2,2,2,2,2,2,3,3,3,3,3,3,3,3,3,3
11,11,11,11,11,11,11,11,11,11,9,9,9,9,9,9,9,9,9,9,6,6,6,6,6,6,6,6,6,6,4,4,4,4,4,4,4,4,4,4,1,1,1,1,1,1,1,1,1,1,0,0,0,0,0,0,0,0,0,0,1,1,1,1,1,1,1,1,1,1,2,2,2,2,2,2,2,2,2,2,3,3,3,3,3,3,3,3,3,3
11,11,11,11,11,11,11,11,11,11,9,9,9,9,9,9,9,9,9,9,6,6,6,6,6,6,6,6,6,6,4,4,4,4,4,4,4,4,4,4,1,1,1,1,1,1,1,1,1,1,0,0,0,0,0,0,0,0,0,0,1,1,1,1,1,1,1,1,1,1,2,2,2,2,2,2,2,2,2,2,3,3,3,3,3,3,3,3,3,3
11,11,11,11,11,11,11,11,11,11,9,9,9,9,9,9,9,9,9,9,6,6,6,6,6,6,6,6,6,6,4,4,4,4,4,4,4,4,4,4,1,1,1,1,1,1,1,1,1,1,0,0,0,0,0,0,0,0,0,0,1,1,1,1,1,1,1,1,1,1,2,2,2,2,2,2,2,2,2,2,3,3,3,3,3,3,3,3,3,3
11,11,11,11,11,11,11,11,11,11,9,9,9,9,9,9,9,9,9,9,6,6,6,6,6,6,6,6,6,6,4,4,4,4,4,4,4,4,4,4,1,1,1,1,1,1,1,1,1,1,0,0,0,0,0,0,0,0,0,0,1,1,1,1,1,1,1,1,1,1,2,2,2,2,2,2,2,2,2,2,3,3,3,3,3,3,3,3,3,3
12,12,12,12,12,12,12,12,12,12,10,10,10,10,10,10,10,10,10,10,7,7,7,7,7,7,7,7,7,7,5,5,5,5,5,5,5,5,5,5,2,2,2,2,2,2,2,2,2,2,1,1,1,1,1,1,1,1,1,1,0,0,0,0,0,0,0,0,0,0,1,1,1,1,1,1,1,1,1,1,2,2,2,2,2,2,2,2,2,2
12,12,12,12,12,12,12,12,12,12,10,10,10,10,10,10,10,10,10,10,7,7,7,7,7,7,7,7,7,7,5,5,5,5,5,5,5,5,5,5,2,2,2,2,2,2,2,2,2,2,1,1,1,1,1,1,1,1,1,1,0,0,0,0,0,0,0,0,0,0,1,1,1,1,1,1,1,1,1,1,2,2,2,2,2,2,2,2,2,2
12,12,12,12,12,12,12,12,12,12,10,10,10,10,10,10,10,10,10,10,7,7,7,7,7,7,7,7,7,7,5,5,5,5,5,5,5,5,5,5,2,2,2,2,2,2,2,2,2,2,1,1,1,1,1,1,1,1,1,1,0,0,0,0,0,0,0,0,0,0,1,1,1,1,1,1,1,1,1,1,2,2,2,2,2,2,2,2,2,2
12,12,12,12,12,12,12,12,12,12,10,10,10,10,10,10,10,10,10,10,7,7,7,7,7,7,7,7,7,7,5,5,5,5,5,5,5,5,5,5,2,2,2,2,2,2,2,2,2,2,1,1,1,1,1,1,1,1,1,1,0,0,0,0,0,0,0,0,0,0,1,1,1,1,1,1,1,1,1,1,2,2,2,2,2,2,2,2,2,2
12,12,12,12,12,12,12,12,12,12,10,10,10,10,10,10,10,10,10,10,7,7,7,7,7,7,7,7,7,7,5,5,5,5,5,5,5,5,5,5,2,2,2,2,2,2,2,2,2,2,1,1,1,1,1,1,1,1,1,1,0,0,0,0,0,0,0,0,0,0,1,1,1,1,1,1,1,1,1,1,2,2,2,2,2,2,2,2,2,2
12,12,12,12,12,12,12,12,12,12,10,10,10,10,10,10,10,10,10,10,7,7,7,7,7,7,7,7,7,7,5,5,5,5,5,5,5,5,5,5,2,2,2,2,2,2,2,2,2,2,1,1,1,1,1,1,1,1,1,1,0,0,0,0,0,0,0,0,0,0,1,1,1,1,1,1,1,1,1,1,2,2,2,2,2,2,2,2,2,2
12,12,12,12,12,12,12,12,12,12,10,10,10,10,10,10,10,10,10,10,7,7,7,7,7,7,7,7,7,7,5,5,5,5,5,5,5,5,5,5,2,2,2,2,2,2,2,2,2,2,1,1,1,1,1,1,1,1,1,1,0,0,0,0,0,0,0,0,0,0,1,1,1,1,1,1,1,1,1,1,2,2,2,2,2,2,2,2,2,2
12,12,12,12,12,12,12,12,12,12,10,10,10,10,10,10,10,10,10,10,7,7,7,7,7,7,7,7,7,7,5,5,5,5,5,5,5,5,5,5,2,2,2,2,2,2,2,2,2,2,1,1,1,1,1,1,1,1,1,1,0,0,0,0,0,0,0,0,0,0,1,1,1,1,1,1,1,1,1,1,2,2,2,2,2,2,2,2,2,2
12,12,12,12,12,12,12,12,12,12,10,10,10,10,10,10,10,10,10,10,7,7,7,7,7,7,7,7,7,7,5,5,5,5,5,5,5,5,5,5,2,2,2,2,2,2,2,2,2,2,1,1,1,1,1,1,1,1,1,1,0,0,0,0,0,0,0,0,0,0,1,1,1,1,1,1,1,1,1,1,2,2,2,2,2,2,2,2,2,2
12,12,12,12,12,12,12,12,12,12,10,10,10,10,10,10,10,10,10,10,7,7,7,7,7,7,7,7,7,7,5,5,5,5,5,5,5,5,5,5,2,2,2,2,2,2,2,2,2,2,1,1,1,1,1,1,1,1,1,1,0,0,0,0,0,0,0,0,0,0,1,1,1,1,1,1,1,1,1,1,2,2,2,2,2,2,2,2,2,2
13,13,13,13,13,13,13,13,13,13,11,11,11,11,11,11,11,11,11,11,8,8,8,8,8,8,8,8,8,8,6,6,6,6,6,6,6,6,6,6,3,3,3,3,3,3,3,3,3,3,2,2,2,2,2,2,2,2,2,2,1,1,1,1,1,1,1,1,1,1,0,0,0,0,0,0,0,0,0,0,1,1,1,1,1,1,1,1,1,1
13,13,13,13,13,13,13,13,13,13,11,11,11,11,11,11,11,11,11,11,8,8,8,8,8,8,8,8,8,8,6,6,6,6,6,6,6,6,6,6,3,3,3,3,3,3,3,3,3,3,2,2,2,2,2,2,2,2,2,2,1,1,1,1,1,1,1,1,1,1,0,0,0,0,0,0,0,0,0,0,1,1,1,1,1,1,1,1,1,1
13,13,13,13,13,13,13,13,13,13,11,11,11,11,11,11,11,11,11,11,8,8,8,8,8,8,8,8,8,8,6,6,6,6,6,6,6,6,6,6,3,3,3,3,3,3,3,3,3,3,2,2,2,2,2,2,2,2,2,2,1,1,1,1,1,1,1,1,1,1,0,0,0,0,0,0,0,0,0,0,1,1,1,1,1,1,1,1,1,1
13,13,13,13,13,13,13,13,13,13,11,11,11,11,11,11,11,11,11,11,8,8,8,8,8,8,8,8,8,8,6,6,6,6,6,6,6,6,6,6,3,3,3,3,3,3,3,3,3,3,2,2,2,2,2,2,2,2,2,2,1,1,1,1,1,1,1,1,1,1,0,0,0,0,0,0,0,0,0,0,1,1,1,1,1,1,1,1,1,1
13,13,13,13,13,13,13,13,13,13,11,11,11,11,11,11,11,11,11,11,8,8,8,8,8,8,8,8,8,8,6,6,6,6,6,6,6,6,6,6,3,3,3,3,3,3,3,3,3,3,2,2,2,2,2,2,2,2,2,2,1,1,1,1,1,1,1,1,1,1,0,0,0,0,0,0,0,0,0,0,1,1,1,1,1,1,1,1,1,1
13,13,13,13,13,13,13,13,13,13,11,11,11,11,11,11,11,11,11,11,8,8,8,8,8,8,8,8,8,8,6,6,6,6,6,6,6,6,6,6,3,3,3,3,3,3,3,3,3,3,2,2,2,2,2,2,2,2,2,2,1,1,1,1,1,1,1,1,1,1,0,0,0,0,0,0,0,0,0,0,1,1,1,1,1,1,1,1,1,1
13,13,13,13,13,13,13,13,13,13,11,11,11,11,11,11,11,11,11,11,8,8,8,8,8,8,8,8,8,8,6,6,6,6,6,6,6,6,6,6,3,3,3,3,3,3,3,3,3,3,2,2,2,2,2,2,2,2,2,2,1,1,1,1,1,1,1,1,1,1,0,0,0,0,0,0,0,0,0,0,1,1,1,1,1,1,1,1,1,1
13,13,13,13,13,13,13,13,13,13,11,11,11,11,11,11,11,11,11,11,8,8,8,8,8,8,8,8,8,8,6,6,6,6,6,6,6,6,6,6,3,3,3,3,3,3,3,3,3,3,2,2,2,2,2,2,2,2,2,2,1,1,1,1,1,1,1,1,1,1,0,0,0,0,0,0,0,0,0,0,1,1,1,1,1,1,1,1,1,1
13,13,13,13,13,13,13,13,13,13,11,11,11,11,11,11,11,11,11,11,8,8,8,8,8,8,8,8,8,8,6,6,6,6,6,6,6,6,6,6,3,3,3,3,3,3,3,3,3,3,2,2,2,2,2,2,2,2,2,2,1,1,1,1,1,1,1,1,1,1,0,0,0,0,0,0,0,0,0,0,1,1,1,1,1,1,1,1,1,1
13,13,13,13,13,13,13,13,13,13,11,11,11,11,11,11,11,11,11,11,8,8,8,8,8,8,8,8,8,8,6,6,6,6,6,6,6,6,6,6,3,3,3,3,3,3,3,3,3,3,2,2,2,2,2,2,2,2,2,2,1,1,1,1,1,1,1,1,1,1,0,0,0,0,0,0,0,0,0,0,1,1,1,1,1,1,1,1,1,1
14,14,14,14,14,14,14,14,14,14,12,12,12,12,12,12,12,12,12,12,9,9,9,9,9,9,9,9,9,9,7,7,7,7,7,7,7,7,7,7,4,4,4,4,4,4,4,4,4,4,3,3,3,3,3,3,3,3,3,3,2,2,2,2,2,2,2,2,2,2,1,1,1,1,1,1,1,1,1,1,0,0,0,0,0,0,0,0,0,0
14,14,14,14,14,14,14,14,14,14,12,12,12,12,12,12,12,12,12,12,9,9,9,9,9,9,9,9,9,9,7,7,7,7,7,7,7,7,7,7,4,4,4,4,4,4,4,4,4,4,3,3,3,3,3,3,3,3,3,3,2,2,2,2,2,2,2,2,2,2,1,1,1,1,1,1,1,1,1,1,0,0,0,0,0,0,0,0,0,0
14,14,14,14,14,14,14,14,14,14,12,12,12,12,12,12,12,12,12,12,9,9,9,9,9,9,9,9,9,9,7,7,7,7,7,7,7,7,7,7,4,4,4,4,4,4,4,4,4,4,3,3,3,3,3,3,3,3,3,3,2,2,2,2,2,2,2,2,2,2,1,1,1,1,1,1,1,1,1,1,0,0,0,0,0,0,0,0,0,0
14,14,14,14,14,14,14,14,14,14,12,12,12,12,12,12,12,12,12,12,9,9,9,9,9,9,9,9,9,9,7,7,7,7,7,7,7,7,7,7,4,4,4,4,4,4,4,4,4,4,3,3,3,3,3,3,3,3,3,3,2,2,2,2,2,2,2,2,2,2,1,1,1,1,1,1,1,1,1,1,0,0,0,0,0,0,0,0,0,0
14,14,14,14,14,14,14,14,14,14,12,12,12,12,12,12,12,12,12,12,9,9,9,9,9,9,9,9,9,9,7,7,7,7,7,7,7,7,7,7,4,4,4,4,4,4,4,4,4,4,3,3,3,3,3,3,3,3,3,3,2,2,2,2,2,2,2,2,2,2,1,1,1,1,1,1,1,1,1,1,0,0,0,0,0,0,0,0,0,0
14,14,14,14,14,14,14,14,14,14,12,12,12,12,12,12,12,12,12,12,9,9,9,9,9,9,9,9,9,9,7,7,7,7,7,7,7,7,7,7,4,4,4,4,4,4,4,4,4,4,3,3,3,3,3,3,3,3,3,3,2,2,2,2,2,2,2,2,2,2,1,1,1,1,1,1,1,1,1,1,0,0,0,0,0,0,0,0,0,0
14,14,14,14,14,14,14,14,14,14,12,12,12,12,12,12,12,12,12,12,9,9,9,9,9,9,9,9,9,9,7,7,7,7,7,7,7,7,7,7,4,4,4,4,4,4,4,4,4,4,3,3,3,3,3,3,3,3,3,3,2,2,2,2,2,2,2,2,2,2,1,1,1,1,1,1,1,1,1,1,0,0,0,0,0,0,0,0,0,0
14,14,14,14,14,14,14,14,14,14,12,12,12,12,12,12,12,12,12,12,9,9,9,9,9,9,9,9,9,9,7,7,7,7,7,7,7,7,7,7,4,4,4,4,4,4,4,4,4,4,3,3,3,3,3,3,3,3,3,3,2,2,2,2,2,2,2,2,2,2,1,1,1,1,1,1,1,1,1,1,0,0,0,0,0,0,0,0,0,0
14,14,14,14,14,14,14,14,14,14,12,12,12,12,12,12,12,12,12,12,9,9,9,9,9,9,9,9,9,9,7,7,7,7,7,7,7,7,7,7,4,4,4,4,4,4,4,4,4,4,3,3,3,3,3,3,3,3,3,3,2,2,2,2,2,2,2,2,2,2,1,1,1,1,1,1,1,1,1,1,0,0,0,0,0,0,0,0,0,0
14,14,14,14,14,14,14,14,14,14,12,12,12,12,12,12,12,12,12,12,9,9,9,9,9,9,9,9,9,9,7,7,7,7,7,7,7,7,7,7,4,4,4,4,4,4,4,4,4,4,3,3,3,3,3,3,3,3,3,3,2,2,2,2,2,2,2,2,2,2,1,1,1,1,1,1,1,1,1,1,0,0,0,0,0,0,0,0,0,0
