# Population Maui	220MAPtu,222MAPtu,228MAPtu,233MAPtu,238MAPtu,246MAPtu,78MAPtu,79MAPtu,80MAPtu,85MAPtu
# Population Kauai	445KAPtu,451KAPtu,458KAPtu,460KAPtu,461KAPtu,469KAPtu,471KAPtu,478KAPtu,480KAPtu,481KAPtu,482KAPtu,483KAPtu,485KAPtu,486KAPtu,491KAPtu
# Locus ID	Pop 1 ID	Pop 2 ID	Chr	BP	phi_st	Smoothed Phi_st	Smoothed Phi_st P-value	Fst'	Smoothed Fst'	Smoothed Fst' P-value	D_est	Smoothed D_est	Smoothed D_est P-value	Dxy	Smoothed Dxy	Smoothed Dxy P-value
327	Maui	Kauai	un	1	0.00156	-1.00000	-1.00000	-0.00196	-1.00000	-1.00000	-0.00211	-1.00000	-1.00000	0.00014	-1.00000	-1.00000
878	Maui	Kauai	un	622	-0.04835	-1.00000	-1.00000	-0.04888	-1.00000	-1.00000	-0.04917	-1.00000	-1.00000	0.00117	-1.00000	-1.00000
1180	Maui	Kauai	un	1442	-0.00116	-1.00000	-1.00000	0.00758	-1.00000	-1.00000	0.01069	-1.00000	-1.00000	0.00029	-1.00000	-1.00000
1201	Maui	Kauai	un	1938	-0.04341	-1.00000	-1.00000	-0.04530	-1.00000	-1.00000	-0.04203	-1.00000	-1.00000	0.00139	-1.00000	-1.00000
1257	Maui	Kauai	un	2322	0.04353	-1.00000	-1.00000	0.00502	-1.00000	-1.00000	-0.01131	-1.00000	-1.00000	0.00103	-1.00000	-1.00000
1875	Maui	Kauai	un	3674	0.02637	-1.00000	-1.00000	0.00142	-1.00000	-1.00000	-0.00200	-1.00000	-1.00000	0.00018	-1.00000	-1.00000
2717	Maui	Kauai	un	5098	0.00604	-1.00000	-1.00000	-0.00148	-1.00000	-1.00000	-0.00203	-1.00000	-1.00000	0.00021	-1.00000	-1.00000
3586	Maui	Kauai	un	5531	0.00462	-1.00000	-1.00000	-0.00174	-1.00000	-1.00000	-0.00218	-1.00000	-1.00000	0.00038	-1.00000	-1.00000
4438	Maui	Kauai	un	7143	0.00995	-1.00000	-1.00000	-0.00134	-1.00000	-1.00000	-0.00230	-1.00000	-1.00000	0.00023	-1.00000	-1.00000
8862	Maui	Kauai	un	8689	-0.02179	-1.00000	-1.00000	-0.00102	-1.00000	-1.00000	-0.00000	-1.00000	-1.00000	0.00011	-1.00000	-1.00000
11008	Maui	Kauai	un	10097	-0.04646	-1.00000	-1.00000	-0.00469	-1.00000	-1.00000	-0.00535	-1.00000	-1.00000	0.00020	-1.00000	-1.00000
11315	Maui	Kauai	un	11037	0.00805	-1.00000	-1.00000	-0.00166	-1.00000	-1.00000	-0.00248	-1.00000	-1.00000	0.00020	-1.00000	-1.00000
11796	Maui	Kauai	un	11536	-0.02011	-1.00000	-1.00000	-0.00099	-1.00000	-1.00000	-0.00000	-1.00000	-1.00000	0.00007	-1.00000	-1.00000
12220	Maui	Kauai	un	12052	0.00207	-1.00000	-1.00000	-0.00234	-1.00000	-1.00000	-0.00031	-1.00000	-1.00000	0.00050	-1.00000	-1.00000
13246	Maui	Kauai	un	13007	-0.02179	-1.00000	-1.00000	-0.00102	-1.00000	-1.00000	-0.00000	-1.00000	-1.00000	0.00009	-1.00000	-1.00000
14455	Maui	Kauai	un	14620	0.03697	-1.00000	-1.00000	0.00182	-1.00000	-1.00000	0.00000	-1.00000	-1.00000	0.00013	-1.00000	-1.00000
14522	Maui	Kauai	un	15437	0.03697	-1.00000	-1.00000	0.00182	-1.00000	-1.00000	0.00000	-1.00000	-1.00000	0.00016	-1.00000	-1.00000
14706	Maui	Kauai	un	15819	0.00995	-1.00000	-1.00000	-0.00134	-1.00000	-1.00000	-0.00230	-1.00000	-1.00000	0.00030	-1.00000	-1.00000
15879	Maui	Kauai	un	17272	-0.00016	-1.00000	-1.00000	-0.00416	-1.00000	-1.00000	-0.00379	-1.00000	-1.00000	0.00073	-1.00000	-1.00000
17180	Maui	Kauai	un	18022	0.03697	-1.00000	-1.00000	0.00182	-1.00000	-1.00000	0.00000	-1.00000	-1.00000	0.00009	-1.00000	-1.00000
18283	Maui	Kauai	un	18751	-0.03745	-1.00000	-1.00000	-0.00695	-1.00000	-1.00000	-0.00237	-1.00000	-1.00000	0.00048	-1.00000	-1.00000
21436	Maui	Kauai	un	21423	-0.03348	-1.00000	-1.00000	-0.00682	-1.00000	-1.00000	-0.00844	-1.00000	-1.00000	0.00053	-1.00000	-1.00000
21548	Maui	Kauai	un	21758	-0.02179	-1.00000	-1.00000	-0.00102	-1.00000	-1.00000	-0.00000	-1.00000	-1.00000	0.00014	-1.00000	-1.00000
23288	Maui	Kauai	un	22019	0.02637	-1.00000	-1.00000	0.00142	-1.00000	-1.00000	-0.00200	-1.00000	-1.00000	0.00041	-1.00000	-1.00000
24817	Maui	Kauai	un	22347	-0.03641	-1.00000	-1.00000	-0.00638	-1.00000	-1.00000	0.01832	-1.00000	-1.00000	0.00082	-1.00000	-1.00000
25264	Maui	Kauai	un	22661	0.03697	-1.00000	-1.00000	0.00182	-1.00000	-1.00000	0.00000	-1.00000	-1.00000	0.00009	-1.00000	-1.00000
25318	Maui	Kauai	un	23339	0.00805	-1.00000	-1.00000	-0.00166	-1.00000	-1.00000	-0.00248	-1.00000	-1.00000	0.00029	-1.00000	-1.00000
25398	Maui	Kauai	un	23677	0.01181	-1.00000	-1.00000	0.00078	-1.00000	-1.00000	-0.00124	-1.00000	-1.00000	0.00036	-1.00000	-1.00000
25605	Maui	Kauai	un	24139	-0.01834	-1.00000	-1.00000	-0.00078	-1.00000	-1.00000	-0.00000	-1.00000	-1.00000	0.00010	-1.00000	-1.00000
25623	Maui	Kauai	un	24464	0.02692	-1.00000	-1.00000	0.01691	-1.00000	-1.00000	0.02205	-1.00000	-1.00000	0.00037	-1.00000	-1.00000
26422	Maui	Kauai	un	24953	0.00604	-1.00000	-1.00000	-0.00148	-1.00000	-1.00000	-0.00203	-1.00000	-1.00000	0.00028	-1.00000	-1.00000
26556	Maui	Kauai	un	25774	0.03697	-1.00000	-1.00000	0.00182	-1.00000	-1.00000	0.00000	-1.00000	-1.00000	0.00014	-1.00000	-1.00000
27012	Maui	Kauai	un	27160	-0.02179	-1.00000	-1.00000	-0.00102	-1.00000	-1.00000	-0.00000	-1.00000	-1.00000	0.00010	-1.00000	-1.00000
27287	Maui	Kauai	un	27529	-0.01798	-1.00000	-1.00000	-0.00093	-1.00000	-1.00000	-0.00000	-1.00000	-1.00000	0.00046	-1.00000	-1.00000
30368	Maui	Kauai	un	28546	-0.02179	-1.00000	-1.00000	-0.00102	-1.00000	-1.00000	-0.00000	-1.00000	-1.00000	0.00009	-1.00000	-1.00000
31865	Maui	Kauai	un	28955	-0.01354	-1.00000	-1.00000	-0.00214	-1.00000	-1.00000	-0.00319	-1.00000	-1.00000	0.00031	-1.00000	-1.00000
33047	Maui	Kauai	un	29805	0.02637	-1.00000	-1.00000	0.00142	-1.00000	-1.00000	0.00857	-1.00000	-1.00000	0.00043	-1.00000	-1.00000
33831	Maui	Kauai	un	30278	-0.02111	-1.00000	-1.00000	-0.01205	-1.00000	-1.00000	-0.00435	-1.00000	-1.00000	0.00101	-1.00000	-1.00000
34090	Maui	Kauai	un	30857	0.02980	-1.00000	-1.00000	0.00133	-1.00000	-1.00000	0.00000	-1.00000	-1.00000	0.00037	-1.00000	-1.00000
34388	Maui	Kauai	un	31159	-0.02179	-1.00000	-1.00000	-0.00102	-1.00000	-1.00000	-0.00000	-1.00000	-1.00000	0.00006	-1.00000	-1.00000
35665	Maui	Kauai	un	34515	-0.02315	-1.00000	-1.00000	-0.00103	-1.00000	-1.00000	-0.00000	-1.00000	-1.00000	0.00010	-1.00000	-1.00000
35833	Maui	Kauai	un	34864	-0.01075	-1.00000	-1.00000	-0.00746	-1.00000	-1.00000	-0.01378	-1.00000	-1.00000	0.00141	-1.00000	-1.00000
38950	Maui	Kauai	un	36166	-0.01834	-1.00000	-1.00000	-0.00078	-1.00000	-1.00000	-0.00000	-1.00000	-1.00000	0.00011	-1.00000	-1.00000
40464	Maui	Kauai	un	37241	-0.02315	-1.00000	-1.00000	-0.00103	-1.00000	-1.00000	-0.00000	-1.00000	-1.00000	0.00008	-1.00000	-1.00000
41423	Maui	Kauai	un	37674	0.00695	-1.00000	-1.00000	0.00538	-1.00000	-1.00000	0.03898	-1.00000	-1.00000	0.00072	-1.00000	-1.00000
41848	Maui	Kauai	un	38069	-0.00180	-1.00000	-1.00000	-0.00386	-1.00000	-1.00000	-0.00362	-1.00000	-1.00000	0.00036	-1.00000	-1.00000
43460	Maui	Kauai	un	38969	-0.02179	-1.00000	-1.00000	-0.00065	-1.00000	-1.00000	0.00142	-1.00000	-1.00000	0.00034	-1.00000	-1.00000
44615	Maui	Kauai	un	40046	-0.01916	-1.00000	-1.00000	-0.00142	-1.00000	-1.00000	-0.00313	-1.00000	-1.00000	0.00020	-1.00000	-1.00000
45671	Maui	Kauai	un	43182	-0.02315	-1.00000	-1.00000	-0.00103	-1.00000	-1.00000	-0.00000	-1.00000	-1.00000	0.00009	-1.00000	-1.00000
46674	Maui	Kauai	un	43902	-0.01798	-1.00000	-1.00000	-0.00093	-1.00000	-1.00000	-0.00000	-1.00000	-1.00000	0.00007	-1.00000	-1.00000
47664	Maui	Kauai	un	44474	0.04192	-1.00000	-1.00000	0.00198	-1.00000	-1.00000	0.00000	-1.00000	-1.00000	0.00019	-1.00000	-1.00000
49386	Maui	Kauai	un	44798	0.01166	-1.00000	-1.00000	0.00089	-1.00000	-1.00000	-0.00082	-1.00000	-1.00000	0.00033	-1.00000	-1.00000
60865	Maui	Kauai	un	45611	0.01166	-1.00000	-1.00000	0.00089	-1.00000	-1.00000	-0.00082	-1.00000	-1.00000	0.00030	-1.00000	-1.00000
1096075	Maui	Kauai	un	46464	0.00995	-1.00000	-1.00000	-0.00168	-1.00000	-1.00000	-0.00371	-1.00000	-1.00000	0.00049	-1.00000	-1.00000
2530346	Maui	Kauai	un	48024	0.02116	-1.00000	-1.00000	0.00103	-1.00000	-1.00000	0.01223	-1.00000	-1.00000	0.00033	-1.00000	-1.00000
