# Population MaroReef	164MRPtu,165MRPtu,169MRPtu,172MRPtu,175MRPtu
# Population Molokai	314MOPtu,317MOPtu,319MOPtu,322MOPtu,326MOPtu,330MOPtu,332MOPtu,348MOPtu,350MOPtu,352MOPtu
# Locus ID	Pop 1 ID	Pop 2 ID	Chr	BP	phi_st	Smoothed Phi_st	Smoothed Phi_st P-value	Fst'	Smoothed Fst'	Smoothed Fst' P-value	D_est	Smoothed D_est	Smoothed D_est P-value	Dxy	Smoothed Dxy	Smoothed Dxy P-value
878	MaroReef	Molokai	un	622	-0.01030	-1.00000	-1.00000	-0.01019	-1.00000	-1.00000	-0.01408	-1.00000	-1.00000	0.00119	-1.00000	-1.00000
1201	MaroReef	Molokai	un	1938	-0.06263	-1.00000	-1.00000	-0.06674	-1.00000	-1.00000	-0.05773	-1.00000	-1.00000	0.00143	-1.00000	-1.00000
1257	MaroReef	Molokai	un	2322	0.13669	-1.00000	-1.00000	0.18545	-1.00000	-1.00000	0.19292	-1.00000	-1.00000	0.00180	-1.00000	-1.00000
2388	MaroReef	Molokai	un	4415	-0.05629	-1.00000	-1.00000	-0.00412	-1.00000	-1.00000	0.00000	-1.00000	-1.00000	0.00016	-1.00000	-1.00000
3586	MaroReef	Molokai	un	5531	0.06250	-1.00000	-1.00000	0.01515	-1.00000	-1.00000	0.04682	-1.00000	-1.00000	0.00104	-1.00000	-1.00000
4434	MaroReef	Molokai	un	6715	-0.05381	-1.00000	-1.00000	-0.00427	-1.00000	-1.00000	0.00000	-1.00000	-1.00000	0.00013	-1.00000	-1.00000
4438	MaroReef	Molokai	un	7143	-0.05033	-1.00000	-1.00000	-0.00428	-1.00000	-1.00000	0.00474	-1.00000	-1.00000	0.00030	-1.00000	-1.00000
4442	MaroReef	Molokai	un	7562	0.12637	-1.00000	-1.00000	0.01100	-1.00000	-1.00000	0.00000	-1.00000	-1.00000	0.00065	-1.00000	-1.00000
8862	MaroReef	Molokai	un	8689	0.12637	-1.00000	-1.00000	0.01100	-1.00000	-1.00000	0.00000	-1.00000	-1.00000	0.00040	-1.00000	-1.00000
10061	MaroReef	Molokai	un	9686	-0.03967	-1.00000	-1.00000	-0.00273	-1.00000	-1.00000	0.00000	-1.00000	-1.00000	0.00012	-1.00000	-1.00000
11074	MaroReef	Molokai	un	10569	-0.03659	-1.00000	-1.00000	-0.00272	-1.00000	-1.00000	0.00000	-1.00000	-1.00000	0.00012	-1.00000	-1.00000
11315	MaroReef	Molokai	un	11037	-0.03659	-1.00000	-1.00000	-0.00272	-1.00000	-1.00000	0.00000	-1.00000	-1.00000	0.00011	-1.00000	-1.00000
13246	MaroReef	Molokai	un	13007	-0.03967	-1.00000	-1.00000	-0.00273	-1.00000	-1.00000	0.00000	-1.00000	-1.00000	0.00013	-1.00000	-1.00000
13955	MaroReef	Molokai	un	13394	-0.03659	-1.00000	-1.00000	-0.00272	-1.00000	-1.00000	0.01223	-1.00000	-1.00000	0.00070	-1.00000	-1.00000
14706	MaroReef	Molokai	un	15819	-0.03967	-1.00000	-1.00000	-0.00273	-1.00000	-1.00000	0.00000	-1.00000	-1.00000	0.00016	-1.00000	-1.00000
15879	MaroReef	Molokai	un	17272	-0.05033	-1.00000	-1.00000	-0.00438	-1.00000	-1.00000	0.01280	-1.00000	-1.00000	0.00132	-1.00000	-1.00000
17180	MaroReef	Molokai	un	18022	-0.03967	-1.00000	-1.00000	-0.00273	-1.00000	-1.00000	0.00000	-1.00000	-1.00000	0.00007	-1.00000	-1.00000
18283	MaroReef	Molokai	un	18751	0.21569	-1.00000	-1.00000	0.03780	-1.00000	-1.00000	0.02703	-1.00000	-1.00000	0.00049	-1.00000	-1.00000
18719	MaroReef	Molokai	un	19164	0.03622	-1.00000	-1.00000	0.01832	-1.00000	-1.00000	0.00374	-1.00000	-1.00000	0.00130	-1.00000	-1.00000
19853	MaroReef	Molokai	un	20328	-0.03226	-1.00000	-1.00000	-0.00261	-1.00000	-1.00000	0.00000	-1.00000	-1.00000	0.00017	-1.00000	-1.00000
21436	MaroReef	Molokai	un	21423	0.01425	-1.00000	-1.00000	-0.00414	-1.00000	-1.00000	-0.00588	-1.00000	-1.00000	0.00072	-1.00000	-1.00000
23288	MaroReef	Molokai	un	22019	0.12637	-1.00000	-1.00000	0.01100	-1.00000	-1.00000	0.00000	-1.00000	-1.00000	0.00038	-1.00000	-1.00000
24817	MaroReef	Molokai	un	22347	0.06977	-1.00000	-1.00000	0.02256	-1.00000	-1.00000	0.03797	-1.00000	-1.00000	0.00064	-1.00000	-1.00000
25318	MaroReef	Molokai	un	23339	-0.00240	-1.00000	-1.00000	-0.00414	-1.00000	-1.00000	-0.00658	-1.00000	-1.00000	0.00063	-1.00000	-1.00000
25398	MaroReef	Molokai	un	23677	0.05411	-1.00000	-1.00000	-0.00497	-1.00000	-1.00000	0.02496	-1.00000	-1.00000	0.00098	-1.00000	-1.00000
25623	MaroReef	Molokai	un	24464	0.03727	-1.00000	-1.00000	0.02570	-1.00000	-1.00000	0.03644	-1.00000	-1.00000	0.00046	-1.00000	-1.00000
26579	MaroReef	Molokai	un	26211	0.06250	-1.00000	-1.00000	0.00510	-1.00000	-1.00000	0.00000	-1.00000	-1.00000	0.00038	-1.00000	-1.00000
27012	MaroReef	Molokai	un	27160	-0.03602	-1.00000	-1.00000	-0.02230	-1.00000	-1.00000	-0.02527	-1.00000	-1.00000	0.00084	-1.00000	-1.00000
27287	MaroReef	Molokai	un	27529	-0.05033	-1.00000	-1.00000	-0.00438	-1.00000	-1.00000	0.00293	-1.00000	-1.00000	0.00250	-1.00000	-1.00000
27423	MaroReef	Molokai	un	27802	0.07455	-1.00000	-1.00000	0.00572	-1.00000	-1.00000	0.00000	-1.00000	-1.00000	0.00021	-1.00000	-1.00000
32562	MaroReef	Molokai	un	29426	-0.03967	-1.00000	-1.00000	-0.00273	-1.00000	-1.00000	0.00000	-1.00000	-1.00000	0.00013	-1.00000	-1.00000
33831	MaroReef	Molokai	un	30278	-0.03365	-1.00000	-1.00000	-0.08092	-1.00000	-1.00000	-0.03923	-1.00000	-1.00000	0.00177	-1.00000	-1.00000
34090	MaroReef	Molokai	un	30857	-0.03659	-1.00000	-1.00000	-0.00272	-1.00000	-1.00000	0.00000	-1.00000	-1.00000	0.00018	-1.00000	-1.00000
34388	MaroReef	Molokai	un	31159	0.04950	-1.00000	-1.00000	0.00432	-1.00000	-1.00000	0.00000	-1.00000	-1.00000	0.00016	-1.00000	-1.00000
35833	MaroReef	Molokai	un	34864	0.06250	-1.00000	-1.00000	0.00510	-1.00000	-1.00000	0.00000	-1.00000	-1.00000	0.00025	-1.00000	-1.00000
37981	MaroReef	Molokai	un	35263	0.01235	-1.00000	-1.00000	0.00192	-1.00000	-1.00000	0.00730	-1.00000	-1.00000	0.00022	-1.00000	-1.00000
38520	MaroReef	Molokai	un	35768	0.06250	-1.00000	-1.00000	0.00510	-1.00000	-1.00000	0.00000	-1.00000	-1.00000	0.00025	-1.00000	-1.00000
41423	MaroReef	Molokai	un	37674	0.01922	-1.00000	-1.00000	-0.00283	-1.00000	-1.00000	-0.00588	-1.00000	-1.00000	0.00038	-1.00000	-1.00000
43331	MaroReef	Molokai	un	38445	0.00948	-1.00000	-1.00000	-0.00570	-1.00000	-1.00000	0.00965	-1.00000	-1.00000	0.00084	-1.00000	-1.00000
43460	MaroReef	Molokai	un	38969	-0.07766	-1.00000	-1.00000	-0.01315	-1.00000	-1.00000	-0.01493	-1.00000	-1.00000	0.00035	-1.00000	-1.00000
45671	MaroReef	Molokai	un	43182	-0.03967	-1.00000	-1.00000	-0.00269	-1.00000	-1.00000	0.00292	-1.00000	-1.00000	0.00026	-1.00000	-1.00000
46674	MaroReef	Molokai	un	43902	-0.03967	-1.00000	-1.00000	-0.00273	-1.00000	-1.00000	0.00000	-1.00000	-1.00000	0.00009	-1.00000	-1.00000
47664	MaroReef	Molokai	un	44474	0.11439	-1.00000	-1.00000	0.04733	-1.00000	-1.00000	0.06557	-1.00000	-1.00000	0.00077	-1.00000	-1.00000
49386	MaroReef	Molokai	un	44798	-0.03967	-1.00000	-1.00000	-0.00273	-1.00000	-1.00000	0.00000	-1.00000	-1.00000	0.00011	-1.00000	-1.00000
60865	MaroReef	Molokai	un	45611	-0.03226	-1.00000	-1.00000	-0.00261	-1.00000	-1.00000	0.01163	-1.00000	-1.00000	0.00057	-1.00000	-1.00000
1096075	MaroReef	Molokai	un	46464	-0.05629	-1.00000	-1.00000	-0.00553	-1.00000	-1.00000	0.00292	-1.00000	-1.00000	0.00026	-1.00000	-1.00000
