# Population Molokai	314MOPtu,317MOPtu,319MOPtu,322MOPtu,326MOPtu,330MOPtu,332MOPtu,348MOPtu,350MOPtu,352MOPtu
# Population Kauai	445KAPtu,451KAPtu,458KAPtu,460KAPtu,461KAPtu,469KAPtu,471KAPtu,478KAPtu,480KAPtu,481KAPtu,482KAPtu,483KAPtu,485KAPtu,486KAPtu,491KAPtu
# Locus ID	Pop 1 ID	Pop 2 ID	Chr	BP	phi_st	Smoothed Phi_st	Smoothed Phi_st P-value	Fst'	Smoothed Fst'	Smoothed Fst' P-value	D_est	Smoothed D_est	Smoothed D_est P-value	Dxy	Smoothed Dxy	Smoothed Dxy P-value
327	Molokai	Kauai	un	1	-0.01492	-1.00000	-1.00000	-0.00070	-1.00000	-1.00000	0.00163	-1.00000	-1.00000	0.00022	-1.00000	-1.00000
878	Molokai	Kauai	un	622	-0.02615	-1.00000	-1.00000	-0.02414	-1.00000	-1.00000	-0.02294	-1.00000	-1.00000	0.00112	-1.00000	-1.00000
1180	Molokai	Kauai	un	1442	-0.00116	-1.00000	-1.00000	0.00758	-1.00000	-1.00000	0.01069	-1.00000	-1.00000	0.00029	-1.00000	-1.00000
1201	Molokai	Kauai	un	1938	-0.04782	-1.00000	-1.00000	-0.05010	-1.00000	-1.00000	-0.06017	-1.00000	-1.00000	0.00150	-1.00000	-1.00000
1257	Molokai	Kauai	un	2322	0.42474	-1.00000	-1.00000	0.34545	-1.00000	-1.00000	0.30293	-1.00000	-1.00000	0.00214	-1.00000	-1.00000
2388	Molokai	Kauai	un	4415	0.01736	-1.00000	-1.00000	0.00077	-1.00000	-1.00000	0.00000	-1.00000	-1.00000	0.00016	-1.00000	-1.00000
2717	Molokai	Kauai	un	5098	-0.01834	-1.00000	-1.00000	-0.00078	-1.00000	-1.00000	-0.00000	-1.00000	-1.00000	0.00008	-1.00000	-1.00000
3586	Molokai	Kauai	un	5531	0.12194	-1.00000	-1.00000	0.01942	-1.00000	-1.00000	0.03716	-1.00000	-1.00000	0.00118	-1.00000	-1.00000
4434	Molokai	Kauai	un	6715	0.01647	-1.00000	-1.00000	0.00084	-1.00000	-1.00000	0.00000	-1.00000	-1.00000	0.00013	-1.00000	-1.00000
4438	Molokai	Kauai	un	7143	0.02073	-1.00000	-1.00000	0.00308	-1.00000	-1.00000	-0.00000	-1.00000	-1.00000	0.00038	-1.00000	-1.00000
8862	Molokai	Kauai	un	8689	-0.01259	-1.00000	-1.00000	-0.00054	-1.00000	-1.00000	-0.00000	-1.00000	-1.00000	0.00011	-1.00000	-1.00000
10061	Molokai	Kauai	un	9686	0.01736	-1.00000	-1.00000	0.00077	-1.00000	-1.00000	0.00000	-1.00000	-1.00000	0.00012	-1.00000	-1.00000
11008	Molokai	Kauai	un	10097	-0.02011	-1.00000	-1.00000	-0.00099	-1.00000	-1.00000	0.01707	-1.00000	-1.00000	0.00050	-1.00000	-1.00000
11074	Molokai	Kauai	un	10569	0.02559	-1.00000	-1.00000	0.00119	-1.00000	-1.00000	0.00000	-1.00000	-1.00000	0.00012	-1.00000	-1.00000
11315	Molokai	Kauai	un	11037	-0.04286	-1.00000	-1.00000	-0.00392	-1.00000	-1.00000	-0.00437	-1.00000	-1.00000	0.00018	-1.00000	-1.00000
11796	Molokai	Kauai	un	11536	-0.01492	-1.00000	-1.00000	-0.00070	-1.00000	-1.00000	-0.00000	-1.00000	-1.00000	0.00007	-1.00000	-1.00000
12220	Molokai	Kauai	un	12052	-0.00785	-1.00000	-1.00000	-0.00037	-1.00000	-1.00000	0.00691	-1.00000	-1.00000	0.00034	-1.00000	-1.00000
13246	Molokai	Kauai	un	13007	0.00250	-1.00000	-1.00000	-0.00172	-1.00000	-1.00000	-0.00195	-1.00000	-1.00000	0.00022	-1.00000	-1.00000
13955	Molokai	Kauai	un	13394	0.01647	-1.00000	-1.00000	0.00084	-1.00000	-1.00000	-0.00715	-1.00000	-1.00000	0.00107	-1.00000	-1.00000
14706	Molokai	Kauai	un	15819	0.00354	-1.00000	-1.00000	-0.00151	-1.00000	-1.00000	-0.00182	-1.00000	-1.00000	0.00026	-1.00000	-1.00000
15879	Molokai	Kauai	un	17272	-0.00016	-1.00000	-1.00000	-0.00416	-1.00000	-1.00000	-0.00379	-1.00000	-1.00000	0.00073	-1.00000	-1.00000
17180	Molokai	Kauai	un	18022	0.01736	-1.00000	-1.00000	0.00077	-1.00000	-1.00000	0.00000	-1.00000	-1.00000	0.00007	-1.00000	-1.00000
18283	Molokai	Kauai	un	18751	-0.01049	-1.00000	-1.00000	0.00070	-1.00000	-1.00000	0.01069	-1.00000	-1.00000	0.00035	-1.00000	-1.00000
18719	Molokai	Kauai	un	19164	0.06083	-1.00000	-1.00000	0.01798	-1.00000	-1.00000	0.01544	-1.00000	-1.00000	0.00036	-1.00000	-1.00000
19853	Molokai	Kauai	un	20328	0.03181	-1.00000	-1.00000	0.00164	-1.00000	-1.00000	0.00000	-1.00000	-1.00000	0.00017	-1.00000	-1.00000
21436	Molokai	Kauai	un	21423	0.01832	-1.00000	-1.00000	-0.00182	-1.00000	-1.00000	0.00310	-1.00000	-1.00000	0.00064	-1.00000	-1.00000
21548	Molokai	Kauai	un	21758	-0.01259	-1.00000	-1.00000	-0.00054	-1.00000	-1.00000	-0.00000	-1.00000	-1.00000	0.00014	-1.00000	-1.00000
24817	Molokai	Kauai	un	22347	0.06031	-1.00000	-1.00000	0.01216	-1.00000	-1.00000	0.01450	-1.00000	-1.00000	0.00119	-1.00000	-1.00000
25318	Molokai	Kauai	un	23339	0.01166	-1.00000	-1.00000	-0.00174	-1.00000	-1.00000	-0.00218	-1.00000	-1.00000	0.00044	-1.00000	-1.00000
25398	Molokai	Kauai	un	23677	0.09028	-1.00000	-1.00000	0.01252	-1.00000	-1.00000	0.01158	-1.00000	-1.00000	0.00042	-1.00000	-1.00000
25605	Molokai	Kauai	un	24139	-0.01428	-1.00000	-1.00000	-0.00059	-1.00000	-1.00000	-0.00000	-1.00000	-1.00000	0.00010	-1.00000	-1.00000
25623	Molokai	Kauai	un	24464	0.01915	-1.00000	-1.00000	-0.00462	-1.00000	-1.00000	-0.00565	-1.00000	-1.00000	0.00077	-1.00000	-1.00000
26422	Molokai	Kauai	un	24953	-0.01834	-1.00000	-1.00000	-0.00078	-1.00000	-1.00000	-0.00000	-1.00000	-1.00000	0.00011	-1.00000	-1.00000
27012	Molokai	Kauai	un	27160	-0.00179	-1.00000	-1.00000	0.00377	-1.00000	-1.00000	0.00194	-1.00000	-1.00000	0.00048	-1.00000	-1.00000
27287	Molokai	Kauai	un	27529	0.00444	-1.00000	-1.00000	-0.00241	-1.00000	-1.00000	0.00761	-1.00000	-1.00000	0.00148	-1.00000	-1.00000
30368	Molokai	Kauai	un	28546	-0.01681	-1.00000	-1.00000	-0.00075	-1.00000	-1.00000	0.00195	-1.00000	-1.00000	0.00057	-1.00000	-1.00000
31865	Molokai	Kauai	un	28955	-0.01798	-1.00000	-1.00000	-0.00093	-1.00000	-1.00000	-0.00000	-1.00000	-1.00000	0.00009	-1.00000	-1.00000
32562	Molokai	Kauai	un	29426	0.01348	-1.00000	-1.00000	0.00062	-1.00000	-1.00000	0.00000	-1.00000	-1.00000	0.00013	-1.00000	-1.00000
33831	Molokai	Kauai	un	30278	0.00157	-1.00000	-1.00000	0.00767	-1.00000	-1.00000	0.01527	-1.00000	-1.00000	0.00117	-1.00000	-1.00000
34090	Molokai	Kauai	un	30857	0.02980	-1.00000	-1.00000	0.00133	-1.00000	-1.00000	0.00000	-1.00000	-1.00000	0.00018	-1.00000	-1.00000
34388	Molokai	Kauai	un	31159	-0.02179	-1.00000	-1.00000	-0.00102	-1.00000	-1.00000	-0.00000	-1.00000	-1.00000	0.00006	-1.00000	-1.00000
35665	Molokai	Kauai	un	34515	-0.01834	-1.00000	-1.00000	-0.00078	-1.00000	-1.00000	-0.00000	-1.00000	-1.00000	0.00010	-1.00000	-1.00000
35833	Molokai	Kauai	un	34864	-0.01492	-1.00000	-1.00000	0.00302	-1.00000	-1.00000	0.03333	-1.00000	-1.00000	0.00059	-1.00000	-1.00000
37981	Molokai	Kauai	un	35263	0.09677	-1.00000	-1.00000	0.00965	-1.00000	-1.00000	0.00730	-1.00000	-1.00000	0.00022	-1.00000	-1.00000
38950	Molokai	Kauai	un	36166	-0.01428	-1.00000	-1.00000	-0.00059	-1.00000	-1.00000	-0.00000	-1.00000	-1.00000	0.00011	-1.00000	-1.00000
40464	Molokai	Kauai	un	37241	-0.01428	-1.00000	-1.00000	-0.00059	-1.00000	-1.00000	-0.00000	-1.00000	-1.00000	0.00008	-1.00000	-1.00000
41423	Molokai	Kauai	un	37674	-0.03077	-1.00000	-1.00000	-0.00451	-1.00000	-1.00000	0.01965	-1.00000	-1.00000	0.00083	-1.00000	-1.00000
41848	Molokai	Kauai	un	38069	-0.01681	-1.00000	-1.00000	-0.00011	-1.00000	-1.00000	0.00142	-1.00000	-1.00000	0.00019	-1.00000	-1.00000
43331	Molokai	Kauai	un	38445	0.03697	-1.00000	-1.00000	0.00182	-1.00000	-1.00000	0.04040	-1.00000	-1.00000	0.00067	-1.00000	-1.00000
43460	Molokai	Kauai	un	38969	-0.00975	-1.00000	-1.00000	-0.00386	-1.00000	-1.00000	-0.00362	-1.00000	-1.00000	0.00048	-1.00000	-1.00000
44615	Molokai	Kauai	un	40046	-0.02179	-1.00000	-1.00000	-0.00102	-1.00000	-1.00000	0.00299	-1.00000	-1.00000	0.00020	-1.00000	-1.00000
45671	Molokai	Kauai	un	43182	0.00941	-1.00000	-1.00000	0.00045	-1.00000	-1.00000	-0.00081	-1.00000	-1.00000	0.00035	-1.00000	-1.00000
46674	Molokai	Kauai	un	43902	0.00078	-1.00000	-1.00000	-0.00222	-1.00000	-1.00000	-0.00229	-1.00000	-1.00000	0.00016	-1.00000	-1.00000
47664	Molokai	Kauai	un	44474	0.26380	-1.00000	-1.00000	0.06947	-1.00000	-1.00000	0.06557	-1.00000	-1.00000	0.00077	-1.00000	-1.00000
49386	Molokai	Kauai	un	44798	0.00250	-1.00000	-1.00000	-0.00172	-1.00000	-1.00000	-0.00195	-1.00000	-1.00000	0.00020	-1.00000	-1.00000
60865	Molokai	Kauai	un	45611	0.00805	-1.00000	-1.00000	-0.00166	-1.00000	-1.00000	0.00477	-1.00000	-1.00000	0.00065	-1.00000	-1.00000
1096075	Molokai	Kauai	un	46464	0.00354	-1.00000	-1.00000	-0.00280	-1.00000	-1.00000	-0.00345	-1.00000	-1.00000	0.00043	-1.00000	-1.00000
