# Population Kure	187KURPtu,188KURPtu,190KURPtu,191KURPtu,192KURPtu,193KURPtu,197KURPtu,198KURPtu,202KURPtu,204KURPtu
# Population BigIsland	393BIPtu,397BIPtu,398BIPtu,399BIPtu,405BIPtu,408BIPtu,412BIPtu,413BIPtu,414BIPtu,415BIPtu,420BIPtu,421BIPtu,422BIPtu,423BIPtu,424BIPtu,428BIPtu,429BIPtu
# Locus ID	Pop 1 ID	Pop 2 ID	Chr	BP	phi_st	Smoothed Phi_st	Smoothed Phi_st P-value	Fst'	Smoothed Fst'	Smoothed Fst' P-value	D_est	Smoothed D_est	Smoothed D_est P-value	Dxy	Smoothed Dxy	Smoothed Dxy P-value
327	Kure	BigIsland	un	1	-0.01566	-1.00000	-1.00000	-0.00062	-1.00000	-1.00000	0.00389	-1.00000	-1.00000	0.00014	-1.00000	-1.00000
878	Kure	BigIsland	un	622	0.00085	-1.00000	-1.00000	0.00084	-1.00000	-1.00000	-0.00034	-1.00000	-1.00000	0.00127	-1.00000	-1.00000
1180	Kure	BigIsland	un	1442	-0.01681	-1.00000	-1.00000	-0.00034	-1.00000	-1.00000	0.00095	-1.00000	-1.00000	0.00012	-1.00000	-1.00000
1201	Kure	BigIsland	un	1938	-0.04030	-1.00000	-1.00000	-0.04188	-1.00000	-1.00000	-0.03991	-1.00000	-1.00000	0.00138	-1.00000	-1.00000
1257	Kure	BigIsland	un	2322	0.29277	-1.00000	-1.00000	0.17532	-1.00000	-1.00000	0.28981	-1.00000	-1.00000	0.00167	-1.00000	-1.00000
1334	Kure	BigIsland	un	2834	0.02455	-1.00000	-1.00000	0.00101	-1.00000	-1.00000	-0.00130	-1.00000	-1.00000	0.00027	-1.00000	-1.00000
1875	Kure	BigIsland	un	3674	-0.02518	-1.00000	-1.00000	-0.00102	-1.00000	-1.00000	0.00377	-1.00000	-1.00000	0.00019	-1.00000	-1.00000
2388	Kure	BigIsland	un	4415	-0.01259	-1.00000	-1.00000	-0.00054	-1.00000	-1.00000	-0.00000	-1.00000	-1.00000	0.00011	-1.00000	-1.00000
2717	Kure	BigIsland	un	5098	0.01028	-1.00000	-1.00000	0.00216	-1.00000	-1.00000	-0.00005	-1.00000	-1.00000	0.00048	-1.00000	-1.00000
3586	Kure	BigIsland	un	5531	0.01133	-1.00000	-1.00000	0.00092	-1.00000	-1.00000	0.00802	-1.00000	-1.00000	0.00049	-1.00000	-1.00000
4438	Kure	BigIsland	un	7143	-0.00411	-1.00000	-1.00000	0.00597	-1.00000	-1.00000	-0.00003	-1.00000	-1.00000	0.00056	-1.00000	-1.00000
8862	Kure	BigIsland	un	8689	-0.01681	-1.00000	-1.00000	-0.00075	-1.00000	-1.00000	-0.00000	-1.00000	-1.00000	0.00023	-1.00000	-1.00000
9984	Kure	BigIsland	un	9339	0.00581	-1.00000	-1.00000	-0.00113	-1.00000	-1.00000	-0.00160	-1.00000	-1.00000	0.00023	-1.00000	-1.00000
11008	Kure	BigIsland	un	10097	-0.01681	-1.00000	-1.00000	-0.00011	-1.00000	-1.00000	0.03919	-1.00000	-1.00000	0.00062	-1.00000	-1.00000
11315	Kure	BigIsland	un	11037	-0.02893	-1.00000	-1.00000	-0.00413	-1.00000	-1.00000	-0.00395	-1.00000	-1.00000	0.00021	-1.00000	-1.00000
13246	Kure	BigIsland	un	13007	-0.00029	-1.00000	-1.00000	0.00196	-1.00000	-1.00000	0.00389	-1.00000	-1.00000	0.00023	-1.00000	-1.00000
13955	Kure	BigIsland	un	13394	-0.01428	-1.00000	-1.00000	0.00004	-1.00000	-1.00000	0.02222	-1.00000	-1.00000	0.00089	-1.00000	-1.00000
14455	Kure	BigIsland	un	14620	0.03774	-1.00000	-1.00000	0.00157	-1.00000	-1.00000	0.00000	-1.00000	-1.00000	0.00012	-1.00000	-1.00000
14522	Kure	BigIsland	un	15437	-0.01681	-1.00000	-1.00000	-0.00064	-1.00000	-1.00000	-0.00000	-1.00000	-1.00000	0.00008	-1.00000	-1.00000
14706	Kure	BigIsland	un	15819	0.02104	-1.00000	-1.00000	0.00089	-1.00000	-1.00000	0.00000	-1.00000	-1.00000	0.00016	-1.00000	-1.00000
15879	Kure	BigIsland	un	17272	-0.01566	-1.00000	-1.00000	0.00142	-1.00000	-1.00000	0.00333	-1.00000	-1.00000	0.00053	-1.00000	-1.00000
16369	Kure	BigIsland	un	17625	-0.01681	-1.00000	-1.00000	-0.00064	-1.00000	-1.00000	-0.00000	-1.00000	-1.00000	0.00007	-1.00000	-1.00000
17180	Kure	BigIsland	un	18022	0.02455	-1.00000	-1.00000	0.00101	-1.00000	-1.00000	0.00000	-1.00000	-1.00000	0.00007	-1.00000	-1.00000
18283	Kure	BigIsland	un	18751	0.11045	-1.00000	-1.00000	0.02785	-1.00000	-1.00000	0.03145	-1.00000	-1.00000	0.00043	-1.00000	-1.00000
18719	Kure	BigIsland	un	19164	0.07458	-1.00000	-1.00000	0.01076	-1.00000	-1.00000	0.01276	-1.00000	-1.00000	0.00043	-1.00000	-1.00000
19311	Kure	BigIsland	un	19627	0.03384	-1.00000	-1.00000	0.00146	-1.00000	-1.00000	0.00000	-1.00000	-1.00000	0.00008	-1.00000	-1.00000
19853	Kure	BigIsland	un	20328	0.08994	-1.00000	-1.00000	0.00932	-1.00000	-1.00000	0.00151	-1.00000	-1.00000	0.00047	-1.00000	-1.00000
21436	Kure	BigIsland	un	21423	0.00465	-1.00000	-1.00000	-0.00131	-1.00000	-1.00000	-0.00098	-1.00000	-1.00000	0.00041	-1.00000	-1.00000
24817	Kure	BigIsland	un	22347	0.03674	-1.00000	-1.00000	0.00057	-1.00000	-1.00000	0.00316	-1.00000	-1.00000	0.00077	-1.00000	-1.00000
25398	Kure	BigIsland	un	23677	-0.01428	-1.00000	-1.00000	-0.00059	-1.00000	-1.00000	0.01644	-1.00000	-1.00000	0.00032	-1.00000	-1.00000
25623	Kure	BigIsland	un	24464	-0.01681	-1.00000	-1.00000	-0.00034	-1.00000	-1.00000	0.00095	-1.00000	-1.00000	0.00012	-1.00000	-1.00000
26579	Kure	BigIsland	un	26211	0.00802	-1.00000	-1.00000	0.00062	-1.00000	-1.00000	0.00189	-1.00000	-1.00000	0.00022	-1.00000	-1.00000
27012	Kure	BigIsland	un	27160	-0.01268	-1.00000	-1.00000	-0.00005	-1.00000	-1.00000	-0.00225	-1.00000	-1.00000	0.00038	-1.00000	-1.00000
27287	Kure	BigIsland	un	27529	-0.01566	-1.00000	-1.00000	-0.00062	-1.00000	-1.00000	0.00000	-1.00000	-1.00000	0.00035	-1.00000	-1.00000
31865	Kure	BigIsland	un	28955	0.02455	-1.00000	-1.00000	0.00101	-1.00000	-1.00000	0.00000	-1.00000	-1.00000	0.00011	-1.00000	-1.00000
33047	Kure	BigIsland	un	29805	0.02791	-1.00000	-1.00000	0.00517	-1.00000	-1.00000	0.00292	-1.00000	-1.00000	0.00021	-1.00000	-1.00000
33831	Kure	BigIsland	un	30278	-0.01698	-1.00000	-1.00000	0.01791	-1.00000	-1.00000	0.06363	-1.00000	-1.00000	0.00120	-1.00000	-1.00000
34090	Kure	BigIsland	un	30857	0.00250	-1.00000	-1.00000	-0.00172	-1.00000	-1.00000	-0.00195	-1.00000	-1.00000	0.00028	-1.00000	-1.00000
34388	Kure	BigIsland	un	31159	0.01324	-1.00000	-1.00000	-0.00113	-1.00000	-1.00000	-0.00160	-1.00000	-1.00000	0.00020	-1.00000	-1.00000
35167	Kure	BigIsland	un	33981	0.03316	-1.00000	-1.00000	0.00394	-1.00000	-1.00000	0.00583	-1.00000	-1.00000	0.00017	-1.00000	-1.00000
35665	Kure	BigIsland	un	34515	0.03738	-1.00000	-1.00000	-0.00037	-1.00000	-1.00000	-0.00015	-1.00000	-1.00000	0.00062	-1.00000	-1.00000
35833	Kure	BigIsland	un	34864	0.11559	-1.00000	-1.00000	0.03791	-1.00000	-1.00000	0.04716	-1.00000	-1.00000	0.00169	-1.00000	-1.00000
37981	Kure	BigIsland	un	35263	-0.01681	-1.00000	-1.00000	-0.00064	-1.00000	-1.00000	-0.00000	-1.00000	-1.00000	0.00006	-1.00000	-1.00000
38950	Kure	BigIsland	un	36166	-0.00207	-1.00000	-1.00000	-0.00263	-1.00000	-1.00000	0.00043	-1.00000	-1.00000	0.00055	-1.00000	-1.00000
40464	Kure	BigIsland	un	37241	-0.01681	-1.00000	-1.00000	-0.00034	-1.00000	-1.00000	0.00095	-1.00000	-1.00000	0.00014	-1.00000	-1.00000
41423	Kure	BigIsland	un	37674	0.01324	-1.00000	-1.00000	0.00128	-1.00000	-1.00000	-0.00035	-1.00000	-1.00000	0.00033	-1.00000	-1.00000
41848	Kure	BigIsland	un	38069	-0.00543	-1.00000	-1.00000	-0.00288	-1.00000	-1.00000	-0.00201	-1.00000	-1.00000	0.00037	-1.00000	-1.00000
43331	Kure	BigIsland	un	38445	0.01478	-1.00000	-1.00000	-0.00146	-1.00000	-1.00000	-0.00130	-1.00000	-1.00000	0.00021	-1.00000	-1.00000
43460	Kure	BigIsland	un	38969	0.01132	-1.00000	-1.00000	0.00197	-1.00000	-1.00000	0.00591	-1.00000	-1.00000	0.00105	-1.00000	-1.00000
44617	Kure	BigIsland	un	40745	-0.04004	-1.00000	-1.00000	-0.00351	-1.00000	-1.00000	-0.00407	-1.00000	-1.00000	0.00014	-1.00000	-1.00000
44756	Kure	BigIsland	un	41366	-0.01681	-1.00000	-1.00000	-0.00064	-1.00000	-1.00000	-0.00000	-1.00000	-1.00000	0.00006	-1.00000	-1.00000
45231	Kure	BigIsland	un	42375	-0.01681	-1.00000	-1.00000	-0.00064	-1.00000	-1.00000	-0.00000	-1.00000	-1.00000	0.00006	-1.00000	-1.00000
45671	Kure	BigIsland	un	43182	-0.01566	-1.00000	-1.00000	-0.00062	-1.00000	-1.00000	0.00389	-1.00000	-1.00000	0.00023	-1.00000	-1.00000
45707	Kure	BigIsland	un	43564	-0.02062	-1.00000	-1.00000	-0.00081	-1.00000	-1.00000	-0.00000	-1.00000	-1.00000	0.00009	-1.00000	-1.00000
47664	Kure	BigIsland	un	44474	-0.01259	-1.00000	-1.00000	-0.00054	-1.00000	-1.00000	0.00508	-1.00000	-1.00000	0.00031	-1.00000	-1.00000
49386	Kure	BigIsland	un	44798	-0.01681	-1.00000	-1.00000	-0.00034	-1.00000	-1.00000	0.00095	-1.00000	-1.00000	0.00013	-1.00000	-1.00000
50690	Kure	BigIsland	un	45237	-0.01566	-1.00000	-1.00000	-0.00062	-1.00000	-1.00000	0.00000	-1.00000	-1.00000	0.00008	-1.00000	-1.00000
60865	Kure	BigIsland	un	45611	0.00754	-1.00000	-1.00000	-0.00060	-1.00000	-1.00000	-0.00032	-1.00000	-1.00000	0.00065	-1.00000	-1.00000
2058296	Kure	BigIsland	un	47121	-0.01566	-1.00000	-1.00000	-0.00062	-1.00000	-1.00000	0.00000	-1.00000	-1.00000	0.00007	-1.00000	-1.00000
2555271	Kure	BigIsland	un	48479	0.04667	-1.00000	-1.00000	0.00212	-1.00000	-1.00000	0.00000	-1.00000	-1.00000	0.00016	-1.00000	-1.00000
