# Population FrenchFrigateShoals	149FFSPtu,150FFSPtu,151FFSPtu,152FFSPtu,153FFSPtu,158FFSPtu,159FFSPtu,160FFSPtu,161FFSPtu
# Population MaroReef	164MRPtu,165MRPtu,169MRPtu,172MRPtu,175MRPtu
# Locus ID	Pop 1 ID	Pop 2 ID	Chr	BP	phi_st	Smoothed Phi_st	Smoothed Phi_st P-value	Fst'	Smoothed Fst'	Smoothed Fst' P-value	D_est	Smoothed D_est	Smoothed D_est P-value	Dxy	Smoothed Dxy	Smoothed Dxy P-value
878	FrenchFrigateShoals	MaroReef	un	622	-0.05402	-1.00000	-1.00000	-0.05640	-1.00000	-1.00000	-0.05426	-1.00000	-1.00000	0.00132	-1.00000	-1.00000
1180	FrenchFrigateShoals	MaroReef	un	1442	-0.03659	-1.00000	-1.00000	-0.00272	-1.00000	-1.00000	0.00000	-1.00000	-1.00000	0.00011	-1.00000	-1.00000
1201	FrenchFrigateShoals	MaroReef	un	1938	-0.08529	-1.00000	-1.00000	-0.08812	-1.00000	-1.00000	-0.08850	-1.00000	-1.00000	0.00127	-1.00000	-1.00000
1257	FrenchFrigateShoals	MaroReef	un	2322	0.11778	-1.00000	-1.00000	0.27003	-1.00000	-1.00000	0.28000	-1.00000	-1.00000	0.00191	-1.00000	-1.00000
1334	FrenchFrigateShoals	MaroReef	un	2834	-0.05033	-1.00000	-1.00000	-0.00428	-1.00000	-1.00000	0.02857	-1.00000	-1.00000	0.00056	-1.00000	-1.00000
1558	FrenchFrigateShoals	MaroReef	un	3228	-0.02593	-1.00000	-1.00000	-0.00230	-1.00000	-1.00000	-0.00000	-1.00000	-1.00000	0.00048	-1.00000	-1.00000
3586	FrenchFrigateShoals	MaroReef	un	5531	0.02524	-1.00000	-1.00000	0.00430	-1.00000	-1.00000	0.03252	-1.00000	-1.00000	0.00092	-1.00000	-1.00000
4304	FrenchFrigateShoals	MaroReef	un	6242	-0.05033	-1.00000	-1.00000	-0.00428	-1.00000	-1.00000	0.00474	-1.00000	-1.00000	0.00026	-1.00000	-1.00000
4438	FrenchFrigateShoals	MaroReef	un	7143	-0.04523	-1.00000	-1.00000	-0.00435	-1.00000	-1.00000	0.02010	-1.00000	-1.00000	0.00045	-1.00000	-1.00000
4442	FrenchFrigateShoals	MaroReef	un	7562	0.11033	-1.00000	-1.00000	0.01023	-1.00000	-1.00000	0.00000	-1.00000	-1.00000	0.00065	-1.00000	-1.00000
5059	FrenchFrigateShoals	MaroReef	un	8352	-0.03659	-1.00000	-1.00000	-0.00272	-1.00000	-1.00000	0.00000	-1.00000	-1.00000	0.00017	-1.00000	-1.00000
8862	FrenchFrigateShoals	MaroReef	un	8689	0.09312	-1.00000	-1.00000	0.00925	-1.00000	-1.00000	0.00000	-1.00000	-1.00000	0.00040	-1.00000	-1.00000
9578	FrenchFrigateShoals	MaroReef	un	9006	-0.05381	-1.00000	-1.00000	-0.00427	-1.00000	-1.00000	0.00000	-1.00000	-1.00000	0.00017	-1.00000	-1.00000
11074	FrenchFrigateShoals	MaroReef	un	10569	-0.03659	-1.00000	-1.00000	-0.00272	-1.00000	-1.00000	0.00000	-1.00000	-1.00000	0.00012	-1.00000	-1.00000
11315	FrenchFrigateShoals	MaroReef	un	11037	-0.02593	-1.00000	-1.00000	-0.00230	-1.00000	-1.00000	-0.00000	-1.00000	-1.00000	0.00014	-1.00000	-1.00000
14518	FrenchFrigateShoals	MaroReef	un	15099	-0.03659	-1.00000	-1.00000	-0.00272	-1.00000	-1.00000	0.00000	-1.00000	-1.00000	0.00033	-1.00000	-1.00000
14706	FrenchFrigateShoals	MaroReef	un	15819	-0.03226	-1.00000	-1.00000	-0.00261	-1.00000	-1.00000	0.00000	-1.00000	-1.00000	0.00020	-1.00000	-1.00000
18283	FrenchFrigateShoals	MaroReef	un	18751	0.17949	-1.00000	-1.00000	0.03518	-1.00000	-1.00000	0.02703	-1.00000	-1.00000	0.00049	-1.00000	-1.00000
18719	FrenchFrigateShoals	MaroReef	un	19164	0.16757	-1.00000	-1.00000	0.10061	-1.00000	-1.00000	0.08578	-1.00000	-1.00000	0.00122	-1.00000	-1.00000
21436	FrenchFrigateShoals	MaroReef	un	21423	0.03522	-1.00000	-1.00000	0.00331	-1.00000	-1.00000	-0.00532	-1.00000	-1.00000	0.00064	-1.00000	-1.00000
23288	FrenchFrigateShoals	MaroReef	un	22019	0.02419	-1.00000	-1.00000	-0.00457	-1.00000	-1.00000	-0.00962	-1.00000	-1.00000	0.00057	-1.00000	-1.00000
24817	FrenchFrigateShoals	MaroReef	un	22347	0.06095	-1.00000	-1.00000	0.01739	-1.00000	-1.00000	0.02985	-1.00000	-1.00000	0.00060	-1.00000	-1.00000
25318	FrenchFrigateShoals	MaroReef	un	23339	0.06250	-1.00000	-1.00000	0.00510	-1.00000	-1.00000	0.00000	-1.00000	-1.00000	0.00030	-1.00000	-1.00000
25398	FrenchFrigateShoals	MaroReef	un	23677	0.01643	-1.00000	-1.00000	-0.00733	-1.00000	-1.00000	0.03420	-1.00000	-1.00000	0.00081	-1.00000	-1.00000
26579	FrenchFrigateShoals	MaroReef	un	26211	0.04950	-1.00000	-1.00000	0.00432	-1.00000	-1.00000	0.00000	-1.00000	-1.00000	0.00038	-1.00000	-1.00000
27012	FrenchFrigateShoals	MaroReef	un	27160	0.19822	-1.00000	-1.00000	0.03664	-1.00000	-1.00000	0.02703	-1.00000	-1.00000	0.00054	-1.00000	-1.00000
27423	FrenchFrigateShoals	MaroReef	un	27802	0.03522	-1.00000	-1.00000	0.00331	-1.00000	-1.00000	0.00000	-1.00000	-1.00000	0.00021	-1.00000	-1.00000
31865	FrenchFrigateShoals	MaroReef	un	28955	-0.03226	-1.00000	-1.00000	-0.00261	-1.00000	-1.00000	0.00000	-1.00000	-1.00000	0.00013	-1.00000	-1.00000
33831	FrenchFrigateShoals	MaroReef	un	30278	-0.04629	-1.00000	-1.00000	-0.10773	-1.00000	-1.00000	-0.06034	-1.00000	-1.00000	0.00197	-1.00000	-1.00000
34388	FrenchFrigateShoals	MaroReef	un	31159	0.06250	-1.00000	-1.00000	0.00510	-1.00000	-1.00000	0.00000	-1.00000	-1.00000	0.00016	-1.00000	-1.00000
35665	FrenchFrigateShoals	MaroReef	un	34515	-0.02593	-1.00000	-1.00000	-0.00230	-1.00000	-1.00000	-0.00000	-1.00000	-1.00000	0.00021	-1.00000	-1.00000
35833	FrenchFrigateShoals	MaroReef	un	34864	0.03522	-1.00000	-1.00000	0.00331	-1.00000	-1.00000	0.00000	-1.00000	-1.00000	0.00025	-1.00000	-1.00000
38520	FrenchFrigateShoals	MaroReef	un	35768	0.03522	-1.00000	-1.00000	0.00331	-1.00000	-1.00000	0.00000	-1.00000	-1.00000	0.00025	-1.00000	-1.00000
39704	FrenchFrigateShoals	MaroReef	un	36474	-0.03226	-1.00000	-1.00000	-0.00261	-1.00000	-1.00000	0.00000	-1.00000	-1.00000	0.00019	-1.00000	-1.00000
40464	FrenchFrigateShoals	MaroReef	un	37241	-0.02593	-1.00000	-1.00000	-0.00230	-1.00000	-1.00000	-0.00000	-1.00000	-1.00000	0.00017	-1.00000	-1.00000
41423	FrenchFrigateShoals	MaroReef	un	37674	0.00511	-1.00000	-1.00000	-0.00758	-1.00000	-1.00000	-0.00286	-1.00000	-1.00000	0.00070	-1.00000	-1.00000
43331	FrenchFrigateShoals	MaroReef	un	38445	0.03522	-1.00000	-1.00000	0.00331	-1.00000	-1.00000	-0.00532	-1.00000	-1.00000	0.00043	-1.00000	-1.00000
43460	FrenchFrigateShoals	MaroReef	un	38969	-0.00513	-1.00000	-1.00000	-0.01301	-1.00000	-1.00000	-0.01153	-1.00000	-1.00000	0.00057	-1.00000	-1.00000
45671	FrenchFrigateShoals	MaroReef	un	43182	-0.03226	-1.00000	-1.00000	-0.00063	-1.00000	-1.00000	0.00474	-1.00000	-1.00000	0.00033	-1.00000	-1.00000
45707	FrenchFrigateShoals	MaroReef	un	43564	-0.03226	-1.00000	-1.00000	-0.00261	-1.00000	-1.00000	0.00000	-1.00000	-1.00000	0.00037	-1.00000	-1.00000
47664	FrenchFrigateShoals	MaroReef	un	44474	-0.00169	-1.00000	-1.00000	0.01401	-1.00000	-1.00000	0.06780	-1.00000	-1.00000	0.00097	-1.00000	-1.00000
60865	FrenchFrigateShoals	MaroReef	un	45611	-0.03226	-1.00000	-1.00000	-0.00063	-1.00000	-1.00000	0.00474	-1.00000	-1.00000	0.00026	-1.00000	-1.00000
1096075	FrenchFrigateShoals	MaroReef	un	46464	-0.05381	-1.00000	-1.00000	-0.00427	-1.00000	-1.00000	0.00000	-1.00000	-1.00000	0.00014	-1.00000	-1.00000
