# Locus ID	Pop 1 ID	Pop 2 ID	Chr	BP	Column	Fisher's P	Odds Ratio	CI Low	CI High	LOD	AMOVA Fst	Smoothed AMOVA Fst	Smoothed AMOVA Fst P-value
878	FrenchFrigateShoals	PioneerBanks	un	638	16	0.655019903	1.66667	0.25090	11.07140	0.22185	0.01282	-1.00000	-1.00000
1180	FrenchFrigateShoals	PioneerBanks	un	1666	224	1.000000000	1.28571	0.09996	16.53780	0.10914	0.01449	-1.00000	-1.00000
1201	FrenchFrigateShoals	PioneerBanks	un	2001	63	1.000000000	1.28571	0.19607	8.43111	0.10914	0.00312	-1.00000	-1.00000
1257	FrenchFrigateShoals	PioneerBanks	un	2630	308	0.132751665	0.22449	0.02251	2.23834	0.64880	0.14063	-1.00000	-1.00000
1257	FrenchFrigateShoals	PioneerBanks	un	2774	452	0.132751665	0.22449	0.02251	2.23834	0.64880	0.14063	-1.00000	-1.00000
1334	FrenchFrigateShoals	PioneerBanks	un	2876	42	1.000000000	1.14286	0.08839	14.77715	0.05799	0.01786	-1.00000	-1.00000
1334	FrenchFrigateShoals	PioneerBanks	un	2936	102	1.000000000	1.28571	0.09996	16.53780	0.10914	0.01449	-1.00000	-1.00000
1558	FrenchFrigateShoals	PioneerBanks	un	3244	16	1.000000000	1.00000	0.07682	13.01682	0.00000	0.02256	-1.00000	-1.00000
1558	FrenchFrigateShoals	PioneerBanks	un	3308	80	1.000000000	1.00000	0.07682	13.01682	0.00000	0.02256	-1.00000	-1.00000
1558	FrenchFrigateShoals	PioneerBanks	un	3312	84	1.000000000	1.00000	0.07682	13.01682	0.00000	0.02256	-1.00000	-1.00000
3586	FrenchFrigateShoals	PioneerBanks	un	5724	193	1.000000000	0.71429	0.06260	8.15050	0.14613	0.03750	-1.00000	-1.00000
4304	FrenchFrigateShoals	PioneerBanks	un	6332	90	1.000000000	1.14286	0.08839	14.77715	0.05799	0.01786	-1.00000	-1.00000
4304	FrenchFrigateShoals	PioneerBanks	un	6360	118	1.000000000	1.14286	0.08839	14.77715	0.05799	0.01786	-1.00000	-1.00000
4438	FrenchFrigateShoals	PioneerBanks	un	7164	21	1.000000000	1.14286	0.08839	14.77715	0.05799	0.01786	-1.00000	-1.00000
5059	FrenchFrigateShoals	PioneerBanks	un	8466	114	1.000000000	1.28571	0.09996	16.53780	0.10914	0.01449	-1.00000	-1.00000
9578	FrenchFrigateShoals	PioneerBanks	un	9074	68	1.000000000	1.28571	0.09996	16.53780	0.10914	0.01449	-1.00000	-1.00000
11074	FrenchFrigateShoals	PioneerBanks	un	10641	72	1.000000000	1.28571	0.09996	16.53780	0.10914	0.01449	-1.00000	-1.00000
11315	FrenchFrigateShoals	PioneerBanks	un	11345	308	1.000000000	1.00000	0.07682	13.01682	0.00000	0.02256	-1.00000	-1.00000
14518	FrenchFrigateShoals	PioneerBanks	un	15147	48	1.000000000	1.28571	0.09996	16.53780	0.10914	0.01449	-1.00000	-1.00000
14518	FrenchFrigateShoals	PioneerBanks	un	15212	113	1.000000000	1.28571	0.09996	16.53780	0.10914	0.01449	-1.00000	-1.00000
14706	FrenchFrigateShoals	PioneerBanks	un	15922	103	1.000000000	1.14286	0.08839	14.77715	0.05799	0.01786	-1.00000	-1.00000
18719	FrenchFrigateShoals	PioneerBanks	un	19494	330	1.000000000	1.14286	0.08839	14.77715	0.05799	0.01786	-1.00000	-1.00000
21436	FrenchFrigateShoals	PioneerBanks	un	21519	96	0.272727273	5.66667	0.43170	74.38216	0.75333	0.12698	-1.00000	-1.00000
21436	FrenchFrigateShoals	PioneerBanks	un	21546	123	0.272727273	5.66667	0.43170	74.38216	0.75333	0.12698	-1.00000	-1.00000
23288	FrenchFrigateShoals	PioneerBanks	un	22196	177	1.000000000	1.14286	0.08839	14.77715	0.05799	0.01786	-1.00000	-1.00000
23288	FrenchFrigateShoals	PioneerBanks	un	22199	180	0.272727273	5.66667	0.43170	74.38216	0.75333	0.12698	-1.00000	-1.00000
24817	FrenchFrigateShoals	PioneerBanks	un	22425	78	0.532467532	0.50000	0.04666	5.35807	0.30103	0.05921	-1.00000	-1.00000
25398	FrenchFrigateShoals	PioneerBanks	un	23758	81	1.000000000	1.00000	0.07682	13.01682	0.00000	0.02256	-1.00000	-1.00000
25398	FrenchFrigateShoals	PioneerBanks	un	23892	215	0.300000000	5.00000	0.37870	66.01604	0.69897	0.12281	-1.00000	-1.00000
31865	FrenchFrigateShoals	PioneerBanks	un	29122	167	1.000000000	1.14286	0.08839	14.77715	0.05799	0.01786	-1.00000	-1.00000
33831	FrenchFrigateShoals	PioneerBanks	un	30398	120	1.000000000	0.60000	0.05298	6.79509	0.22185	0.00784	-1.00000	-1.00000
33831	FrenchFrigateShoals	PioneerBanks	un	30403	125	1.000000000	1.14286	0.08839	14.77715	0.05799	0.01786	-1.00000	-1.00000
33831	FrenchFrigateShoals	PioneerBanks	un	30441	163	0.480519481	3.00000	0.15688	57.36768	0.47712	0.02604	-1.00000	-1.00000
33831	FrenchFrigateShoals	PioneerBanks	un	30503	225	0.557894737	0.61905	0.05382	7.12106	0.20828	0.04762	-1.00000	-1.00000
34388	FrenchFrigateShoals	PioneerBanks	un	31208	49	0.250000000	6.33333	0.48473	82.74952	0.80163	0.13043	-1.00000	-1.00000
35665	FrenchFrigateShoals	PioneerBanks	un	34577	62	1.000000000	1.00000	0.07682	13.01682	0.00000	0.02256	-1.00000	-1.00000
38950	FrenchFrigateShoals	PioneerBanks	un	36227	61	0.272727273	5.66667	0.43170	74.38216	0.75333	0.12698	-1.00000	-1.00000
39704	FrenchFrigateShoals	PioneerBanks	un	36655	181	1.000000000	1.14286	0.08839	14.77715	0.05799	0.01786	-1.00000	-1.00000
40464	FrenchFrigateShoals	PioneerBanks	un	37378	137	1.000000000	1.00000	0.07682	13.01682	0.00000	0.02256	-1.00000	-1.00000
41423	FrenchFrigateShoals	PioneerBanks	un	37756	82	1.000000000	1.14286	0.08839	14.77715	0.05799	0.01786	-1.00000	-1.00000
41423	FrenchFrigateShoals	PioneerBanks	un	37819	145	0.272727273	5.66667	0.43170	74.38216	0.75333	0.12698	-1.00000	-1.00000
43460	FrenchFrigateShoals	PioneerBanks	un	38993	24	1.000000000	1.00000	0.07682	13.01682	0.00000	0.02256	-1.00000	-1.00000
43460	FrenchFrigateShoals	PioneerBanks	un	39132	163	1.000000000	1.00000	0.07682	13.01682	0.00000	0.02256	-1.00000	-1.00000
45671	FrenchFrigateShoals	PioneerBanks	un	43217	35	1.000000000	1.14286	0.08839	14.77715	0.05799	0.01786	-1.00000	-1.00000
45671	FrenchFrigateShoals	PioneerBanks	un	43278	96	1.000000000	1.14286	0.08839	14.77715	0.05799	0.01786	-1.00000	-1.00000
45707	FrenchFrigateShoals	PioneerBanks	un	43580	16	1.000000000	1.14286	0.08839	14.77715	0.05799	0.01786	-1.00000	-1.00000
45707	FrenchFrigateShoals	PioneerBanks	un	43684	120	1.000000000	1.14286	0.08839	14.77715	0.05799	0.01786	-1.00000	-1.00000
47664	FrenchFrigateShoals	PioneerBanks	un	44514	40	0.557894737	0.61905	0.05382	7.12106	0.20828	0.04762	-1.00000	-1.00000
47664	FrenchFrigateShoals	PioneerBanks	un	44532	58	1.000000000	1.14286	0.08839	14.77715	0.05799	0.01786	-1.00000	-1.00000
60865	FrenchFrigateShoals	PioneerBanks	un	45775	164	1.000000000	1.14286	0.08839	14.77715	0.05799	0.01786	-1.00000	-1.00000
60865	FrenchFrigateShoals	PioneerBanks	un	45865	254	1.000000000	1.14286	0.08839	14.77715	0.05799	0.01786	-1.00000	-1.00000
1096075	FrenchFrigateShoals	PioneerBanks	un	46564	100	1.000000000	1.28571	0.09996	16.53780	0.10914	0.01449	-1.00000	-1.00000
