V1,V2,V3,V4,V5,V6,V7,V8,V9,V10,V11,V12,V13,V14,V15,V16,V17,V18,V19,V20,V21,V22,V23,V24,V25,V26,V27,V28,V29,V30,V31,V32,V33,V34,V35,V36,V37,V38,V39,V40,V41,V42,V43,V44,V45,V46,V47,V48,V49,V50,V51,V52,V53,V54,V55,V56,V57,V58,V59,V60,V61,V62,V63,V64,V65,V66,V67,V68,V69,V70,V71,V72
0,0,0,0,0,0,0,0,0,0,340.400788783372,340.400788783372,340.400788783372,919.564687291556,919.564687291556,919.564687291556,919.564687291556,919.564687291556,1409.52306265801,1409.52306265801,1409.52306265801,1409.52306265801,1409.52306265801,1409.52306265801,1409.52306265801,2094.40181650229,2094.40181650229,2094.40181650229,2094.40181650229,2094.40181650229,2094.40181650229,2094.40181650229,2094.40181650229,2094.40181650229,2094.40181650229,2094.40181650229,2094.40181650229,2094.40181650229,2094.40181650229,2293.50432677567,2293.50432677567,2293.50432677567,2293.50432677567,2293.50432677567,2380.14236782938,2380.14236782938,2380.14236782938,2380.14236782938,2380.14236782938,2380.14236782938,2380.14236782938,2467.18883595895,2467.18883595895,2467.18883595895,2467.18883595895,2598.12362620488,2598.12362620488,2598.12362620488,2598.12362620488,2598.12362620488,2598.12362620488,2598.12362620488,2598.12362620488,2598.12362620488,2598.12362620488,2598.12362620488,2598.12362620488,2598.12362620488,2598.12362620488,2598.12362620488,2598.12362620488,2598.12362620488
0,0,0,0,0,0,0,0,0,0,340.400788783372,340.400788783372,340.400788783372,919.564687291556,919.564687291556,919.564687291556,919.564687291556,919.564687291556,1409.52306265801,1409.52306265801,1409.52306265801,1409.52306265801,1409.52306265801,1409.52306265801,1409.52306265801,2094.40181650229,2094.40181650229,2094.40181650229,2094.40181650229,2094.40181650229,2094.40181650229,2094.40181650229,2094.40181650229,2094.40181650229,2094.40181650229,2094.40181650229,2094.40181650229,2094.40181650229,2094.40181650229,2293.50432677567,2293.50432677567,2293.50432677567,2293.50432677567,2293.50432677567,2380.14236782938,2380.14236782938,2380.14236782938,2380.14236782938,2380.14236782938,2380.14236782938,2380.14236782938,2467.18883595895,2467.18883595895,2467.18883595895,2467.18883595895,2598.12362620488,2598.12362620488,2598.12362620488,2598.12362620488,2598.12362620488,2598.12362620488,2598.12362620488,2598.12362620488,2598.12362620488,2598.12362620488,2598.12362620488,2598.12362620488,2598.12362620488,2598.12362620488,2598.12362620488,2598.12362620488,2598.12362620488
0,0,0,0,0,0,0,0,0,0,340.400788783372,340.400788783372,340.400788783372,919.564687291556,919.564687291556,919.564687291556,919.564687291556,919.564687291556,1409.52306265801,1409.52306265801,1409.52306265801,1409.52306265801,1409.52306265801,1409.52306265801,1409.52306265801,2094.40181650229,2094.40181650229,2094.40181650229,2094.40181650229,2094.40181650229,2094.40181650229,2094.40181650229,2094.40181650229,2094.40181650229,2094.40181650229,2094.40181650229,2094.40181650229,2094.40181650229,2094.40181650229,2293.50432677567,2293.50432677567,2293.50432677567,2293.50432677567,2293.50432677567,2380.14236782938,2380.14236782938,2380.14236782938,2380.14236782938,2380.14236782938,2380.14236782938,2380.14236782938,2467.18883595895,2467.18883595895,2467.18883595895,2467.18883595895,2598.12362620488,2598.12362620488,2598.12362620488,2598.12362620488,2598.12362620488,2598.12362620488,2598.12362620488,2598.12362620488,2598.12362620488,2598.12362620488,2598.12362620488,2598.12362620488,2598.12362620488,2598.12362620488,2598.12362620488,2598.12362620488,2598.12362620488
0,0,0,0,0,0,0,0,0,0,340.400788783372,340.400788783372,340.400788783372,919.564687291556,919.564687291556,919.564687291556,919.564687291556,919.564687291556,1409.52306265801,1409.52306265801,1409.52306265801,1409.52306265801,1409.52306265801,1409.52306265801,1409.52306265801,2094.40181650229,2094.40181650229,2094.40181650229,2094.40181650229,2094.40181650229,2094.40181650229,2094.40181650229,2094.40181650229,2094.40181650229,2094.40181650229,2094.40181650229,2094.40181650229,2094.40181650229,2094.40181650229,2293.50432677567,2293.50432677567,2293.50432677567,2293.50432677567,2293.50432677567,2380.14236782938,2380.14236782938,2380.14236782938,2380.14236782938,2380.14236782938,2380.14236782938,2380.14236782938,2467.18883595895,2467.18883595895,2467.18883595895,2467.18883595895,2598.12362620488,2598.12362620488,2598.12362620488,2598.12362620488,2598.12362620488,2598.12362620488,2598.12362620488,2598.12362620488,2598.12362620488,2598.12362620488,2598.12362620488,2598.12362620488,2598.12362620488,2598.12362620488,2598.12362620488,2598.12362620488,2598.12362620488
0,0,0,0,0,0,0,0,0,0,340.400788783372,340.400788783372,340.400788783372,919.564687291556,919.564687291556,919.564687291556,919.564687291556,919.564687291556,1409.52306265801,1409.52306265801,1409.52306265801,1409.52306265801,1409.52306265801,1409.52306265801,1409.52306265801,2094.40181650229,2094.40181650229,2094.40181650229,2094.40181650229,2094.40181650229,2094.40181650229,2094.40181650229,2094.40181650229,2094.40181650229,2094.40181650229,2094.40181650229,2094.40181650229,2094.40181650229,2094.40181650229,2293.50432677567,2293.50432677567,2293.50432677567,2293.50432677567,2293.50432677567,2380.14236782938,2380.14236782938,2380.14236782938,2380.14236782938,2380.14236782938,2380.14236782938,2380.14236782938,2467.18883595895,2467.18883595895,2467.18883595895,2467.18883595895,2598.12362620488,2598.12362620488,2598.12362620488,2598.12362620488,2598.12362620488,2598.12362620488,2598.12362620488,2598.12362620488,2598.12362620488,2598.12362620488,2598.12362620488,2598.12362620488,2598.12362620488,2598.12362620488,2598.12362620488,2598.12362620488,2598.12362620488
0,0,0,0,0,0,0,0,0,0,340.400788783372,340.400788783372,340.400788783372,919.564687291556,919.564687291556,919.564687291556,919.564687291556,919.564687291556,1409.52306265801,1409.52306265801,1409.52306265801,1409.52306265801,1409.52306265801,1409.52306265801,1409.52306265801,2094.40181650229,2094.40181650229,2094.40181650229,2094.40181650229,2094.40181650229,2094.40181650229,2094.40181650229,2094.40181650229,2094.40181650229,2094.40181650229,2094.40181650229,2094.40181650229,2094.40181650229,2094.40181650229,2293.50432677567,2293.50432677567,2293.50432677567,2293.50432677567,2293.50432677567,2380.14236782938,2380.14236782938,2380.14236782938,2380.14236782938,2380.14236782938,2380.14236782938,2380.14236782938,2467.18883595895,2467.18883595895,2467.18883595895,2467.18883595895,2598.12362620488,2598.12362620488,2598.12362620488,2598.12362620488,2598.12362620488,2598.12362620488,2598.12362620488,2598.12362620488,2598.12362620488,2598.12362620488,2598.12362620488,2598.12362620488,2598.12362620488,2598.12362620488,2598.12362620488,2598.12362620488,2598.12362620488
0,0,0,0,0,0,0,0,0,0,340.400788783372,340.400788783372,340.400788783372,919.564687291556,919.564687291556,919.564687291556,919.564687291556,919.564687291556,1409.52306265801,1409.52306265801,1409.52306265801,1409.52306265801,1409.52306265801,1409.52306265801,1409.52306265801,2094.40181650229,2094.40181650229,2094.40181650229,2094.40181650229,2094.40181650229,2094.40181650229,2094.40181650229,2094.40181650229,2094.40181650229,2094.40181650229,2094.40181650229,2094.40181650229,2094.40181650229,2094.40181650229,2293.50432677567,2293.50432677567,2293.50432677567,2293.50432677567,2293.50432677567,2380.14236782938,2380.14236782938,2380.14236782938,2380.14236782938,2380.14236782938,2380.14236782938,2380.14236782938,2467.18883595895,2467.18883595895,2467.18883595895,2467.18883595895,2598.12362620488,2598.12362620488,2598.12362620488,2598.12362620488,2598.12362620488,2598.12362620488,2598.12362620488,2598.12362620488,2598.12362620488,2598.12362620488,2598.12362620488,2598.12362620488,2598.12362620488,2598.12362620488,2598.12362620488,2598.12362620488,2598.12362620488
0,0,0,0,0,0,0,0,0,0,340.400788783372,340.400788783372,340.400788783372,919.564687291556,919.564687291556,919.564687291556,919.564687291556,919.564687291556,1409.52306265801,1409.52306265801,1409.52306265801,1409.52306265801,1409.52306265801,1409.52306265801,1409.52306265801,2094.40181650229,2094.40181650229,2094.40181650229,2094.40181650229,2094.40181650229,2094.40181650229,2094.40181650229,2094.40181650229,2094.40181650229,2094.40181650229,2094.40181650229,2094.40181650229,2094.40181650229,2094.40181650229,2293.50432677567,2293.50432677567,2293.50432677567,2293.50432677567,2293.50432677567,2380.14236782938,2380.14236782938,2380.14236782938,2380.14236782938,2380.14236782938,2380.14236782938,2380.14236782938,2467.18883595895,2467.18883595895,2467.18883595895,2467.18883595895,2598.12362620488,2598.12362620488,2598.12362620488,2598.12362620488,2598.12362620488,2598.12362620488,2598.12362620488,2598.12362620488,2598.12362620488,2598.12362620488,2598.12362620488,2598.12362620488,2598.12362620488,2598.12362620488,2598.12362620488,2598.12362620488,2598.12362620488
0,0,0,0,0,0,0,0,0,0,340.400788783372,340.400788783372,340.400788783372,919.564687291556,919.564687291556,919.564687291556,919.564687291556,919.564687291556,1409.52306265801,1409.52306265801,1409.52306265801,1409.52306265801,1409.52306265801,1409.52306265801,1409.52306265801,2094.40181650229,2094.40181650229,2094.40181650229,2094.40181650229,2094.40181650229,2094.40181650229,2094.40181650229,2094.40181650229,2094.40181650229,2094.40181650229,2094.40181650229,2094.40181650229,2094.40181650229,2094.40181650229,2293.50432677567,2293.50432677567,2293.50432677567,2293.50432677567,2293.50432677567,2380.14236782938,2380.14236782938,2380.14236782938,2380.14236782938,2380.14236782938,2380.14236782938,2380.14236782938,2467.18883595895,2467.18883595895,2467.18883595895,2467.18883595895,2598.12362620488,2598.12362620488,2598.12362620488,2598.12362620488,2598.12362620488,2598.12362620488,2598.12362620488,2598.12362620488,2598.12362620488,2598.12362620488,2598.12362620488,2598.12362620488,2598.12362620488,2598.12362620488,2598.12362620488,2598.12362620488,2598.12362620488
0,0,0,0,0,0,0,0,0,0,340.400788783372,340.400788783372,340.400788783372,919.564687291556,919.564687291556,919.564687291556,919.564687291556,919.564687291556,1409.52306265801,1409.52306265801,1409.52306265801,1409.52306265801,1409.52306265801,1409.52306265801,1409.52306265801,2094.40181650229,2094.40181650229,2094.40181650229,2094.40181650229,2094.40181650229,2094.40181650229,2094.40181650229,2094.40181650229,2094.40181650229,2094.40181650229,2094.40181650229,2094.40181650229,2094.40181650229,2094.40181650229,2293.50432677567,2293.50432677567,2293.50432677567,2293.50432677567,2293.50432677567,2380.14236782938,2380.14236782938,2380.14236782938,2380.14236782938,2380.14236782938,2380.14236782938,2380.14236782938,2467.18883595895,2467.18883595895,2467.18883595895,2467.18883595895,2598.12362620488,2598.12362620488,2598.12362620488,2598.12362620488,2598.12362620488,2598.12362620488,2598.12362620488,2598.12362620488,2598.12362620488,2598.12362620488,2598.12362620488,2598.12362620488,2598.12362620488,2598.12362620488,2598.12362620488,2598.12362620488,2598.12362620488
340.400788783372,340.400788783372,340.400788783372,340.400788783372,340.400788783372,340.400788783372,340.400788783372,340.400788783372,340.400788783372,340.400788783372,0,0,0,579.187506024227,579.187506024227,579.187506024227,579.187506024227,579.187506024227,1069.32303865692,1069.32303865692,1069.32303865692,1069.32303865692,1069.32303865692,1069.32303865692,1069.32303865692,1756.53301179338,1756.53301179338,1756.53301179338,1756.53301179338,1756.53301179338,1756.53301179338,1756.53301179338,1756.53301179338,1756.53301179338,1756.53301179338,1756.53301179338,1756.53301179338,1756.53301179338,1756.53301179338,1955.7484803014,1955.7484803014,1955.7484803014,1955.7484803014,1955.7484803014,2042.59120062808,2042.59120062808,2042.59120062808,2042.59120062808,2042.59120062808,2042.59120062808,2042.59120062808,2129.50829073387,2129.50829073387,2129.50829073387,2129.50829073387,2259.41150302456,2259.41150302456,2259.41150302456,2259.41150302456,2259.41150302456,2259.41150302456,2259.41150302456,2259.41150302456,2259.41150302456,2259.41150302456,2259.41150302456,2259.41150302456,2259.41150302456,2259.41150302456,2259.41150302456,2259.41150302456,2259.41150302456
340.400788783372,340.400788783372,340.400788783372,340.400788783372,340.400788783372,340.400788783372,340.400788783372,340.400788783372,340.400788783372,340.400788783372,0,0,0,579.187506024227,579.187506024227,579.187506024227,579.187506024227,579.187506024227,1069.32303865692,1069.32303865692,1069.32303865692,1069.32303865692,1069.32303865692,1069.32303865692,1069.32303865692,1756.53301179338,1756.53301179338,1756.53301179338,1756.53301179338,1756.53301179338,1756.53301179338,1756.53301179338,1756.53301179338,1756.53301179338,1756.53301179338,1756.53301179338,1756.53301179338,1756.53301179338,1756.53301179338,1955.7484803014,1955.7484803014,1955.7484803014,1955.7484803014,1955.7484803014,2042.59120062808,2042.59120062808,2042.59120062808,2042.59120062808,2042.59120062808,2042.59120062808,2042.59120062808,2129.50829073387,2129.50829073387,2129.50829073387,2129.50829073387,2259.41150302456,2259.41150302456,2259.41150302456,2259.41150302456,2259.41150302456,2259.41150302456,2259.41150302456,2259.41150302456,2259.41150302456,2259.41150302456,2259.41150302456,2259.41150302456,2259.41150302456,2259.41150302456,2259.41150302456,2259.41150302456,2259.41150302456
340.400788783372,340.400788783372,340.400788783372,340.400788783372,340.400788783372,340.400788783372,340.400788783372,340.400788783372,340.400788783372,340.400788783372,0,0,0,579.187506024227,579.187506024227,579.187506024227,579.187506024227,579.187506024227,1069.32303865692,1069.32303865692,1069.32303865692,1069.32303865692,1069.32303865692,1069.32303865692,1069.32303865692,1756.53301179338,1756.53301179338,1756.53301179338,1756.53301179338,1756.53301179338,1756.53301179338,1756.53301179338,1756.53301179338,1756.53301179338,1756.53301179338,1756.53301179338,1756.53301179338,1756.53301179338,1756.53301179338,1955.7484803014,1955.7484803014,1955.7484803014,1955.7484803014,1955.7484803014,2042.59120062808,2042.59120062808,2042.59120062808,2042.59120062808,2042.59120062808,2042.59120062808,2042.59120062808,2129.50829073387,2129.50829073387,2129.50829073387,2129.50829073387,2259.41150302456,2259.41150302456,2259.41150302456,2259.41150302456,2259.41150302456,2259.41150302456,2259.41150302456,2259.41150302456,2259.41150302456,2259.41150302456,2259.41150302456,2259.41150302456,2259.41150302456,2259.41150302456,2259.41150302456,2259.41150302456,2259.41150302456
919.564687291556,919.564687291556,919.564687291556,919.564687291556,919.564687291556,919.564687291556,919.564687291556,919.564687291556,919.564687291556,919.564687291556,579.187506024227,579.187506024227,579.187506024227,0,0,0,0,0,491.978491196465,491.978491196465,491.978491196465,491.978491196465,491.978491196465,491.978491196465,491.978491196465,1186.65420608909,1186.65420608909,1186.65420608909,1186.65420608909,1186.65420608909,1186.65420608909,1186.65420608909,1186.65420608909,1186.65420608909,1186.65420608909,1186.65420608909,1186.65420608909,1186.65420608909,1186.65420608909,1385.63615802624,1385.63615802624,1385.63615802624,1385.63615802624,1385.63615802624,1472.87956764887,1472.87956764887,1472.87956764887,1472.87956764887,1472.87956764887,1472.87956764887,1472.87956764887,1559.21393404914,1559.21393404914,1559.21393404914,1559.21393404914,1685.88220663001,1685.88220663001,1685.88220663001,1685.88220663001,1685.88220663001,1685.88220663001,1685.88220663001,1685.88220663001,1685.88220663001,1685.88220663001,1685.88220663001,1685.88220663001,1685.88220663001,1685.88220663001,1685.88220663001,1685.88220663001,1685.88220663001
919.564687291556,919.564687291556,919.564687291556,919.564687291556,919.564687291556,919.564687291556,919.564687291556,919.564687291556,919.564687291556,919.564687291556,579.187506024227,579.187506024227,579.187506024227,0,0,0,0,0,491.978491196465,491.978491196465,491.978491196465,491.978491196465,491.978491196465,491.978491196465,491.978491196465,1186.65420608909,1186.65420608909,1186.65420608909,1186.65420608909,1186.65420608909,1186.65420608909,1186.65420608909,1186.65420608909,1186.65420608909,1186.65420608909,1186.65420608909,1186.65420608909,1186.65420608909,1186.65420608909,1385.63615802624,1385.63615802624,1385.63615802624,1385.63615802624,1385.63615802624,1472.87956764887,1472.87956764887,1472.87956764887,1472.87956764887,1472.87956764887,1472.87956764887,1472.87956764887,1559.21393404914,1559.21393404914,1559.21393404914,1559.21393404914,1685.88220663001,1685.88220663001,1685.88220663001,1685.88220663001,1685.88220663001,1685.88220663001,1685.88220663001,1685.88220663001,1685.88220663001,1685.88220663001,1685.88220663001,1685.88220663001,1685.88220663001,1685.88220663001,1685.88220663001,1685.88220663001,1685.88220663001
919.564687291556,919.564687291556,919.564687291556,919.564687291556,919.564687291556,919.564687291556,919.564687291556,919.564687291556,919.564687291556,919.564687291556,579.187506024227,579.187506024227,579.187506024227,0,0,0,0,0,491.978491196465,491.978491196465,491.978491196465,491.978491196465,491.978491196465,491.978491196465,491.978491196465,1186.65420608909,1186.65420608909,1186.65420608909,1186.65420608909,1186.65420608909,1186.65420608909,1186.65420608909,1186.65420608909,1186.65420608909,1186.65420608909,1186.65420608909,1186.65420608909,1186.65420608909,1186.65420608909,1385.63615802624,1385.63615802624,1385.63615802624,1385.63615802624,1385.63615802624,1472.87956764887,1472.87956764887,1472.87956764887,1472.87956764887,1472.87956764887,1472.87956764887,1472.87956764887,1559.21393404914,1559.21393404914,1559.21393404914,1559.21393404914,1685.88220663001,1685.88220663001,1685.88220663001,1685.88220663001,1685.88220663001,1685.88220663001,1685.88220663001,1685.88220663001,1685.88220663001,1685.88220663001,1685.88220663001,1685.88220663001,1685.88220663001,1685.88220663001,1685.88220663001,1685.88220663001,1685.88220663001
919.564687291556,919.564687291556,919.564687291556,919.564687291556,919.564687291556,919.564687291556,919.564687291556,919.564687291556,919.564687291556,919.564687291556,579.187506024227,579.187506024227,579.187506024227,0,0,0,0,0,491.978491196465,491.978491196465,491.978491196465,491.978491196465,491.978491196465,491.978491196465,491.978491196465,1186.65420608909,1186.65420608909,1186.65420608909,1186.65420608909,1186.65420608909,1186.65420608909,1186.65420608909,1186.65420608909,1186.65420608909,1186.65420608909,1186.65420608909,1186.65420608909,1186.65420608909,1186.65420608909,1385.63615802624,1385.63615802624,1385.63615802624,1385.63615802624,1385.63615802624,1472.87956764887,1472.87956764887,1472.87956764887,1472.87956764887,1472.87956764887,1472.87956764887,1472.87956764887,1559.21393404914,1559.21393404914,1559.21393404914,1559.21393404914,1685.88220663001,1685.88220663001,1685.88220663001,1685.88220663001,1685.88220663001,1685.88220663001,1685.88220663001,1685.88220663001,1685.88220663001,1685.88220663001,1685.88220663001,1685.88220663001,1685.88220663001,1685.88220663001,1685.88220663001,1685.88220663001,1685.88220663001
919.564687291556,919.564687291556,919.564687291556,919.564687291556,919.564687291556,919.564687291556,919.564687291556,919.564687291556,919.564687291556,919.564687291556,579.187506024227,579.187506024227,579.187506024227,0,0,0,0,0,491.978491196465,491.978491196465,491.978491196465,491.978491196465,491.978491196465,491.978491196465,491.978491196465,1186.65420608909,1186.65420608909,1186.65420608909,1186.65420608909,1186.65420608909,1186.65420608909,1186.65420608909,1186.65420608909,1186.65420608909,1186.65420608909,1186.65420608909,1186.65420608909,1186.65420608909,1186.65420608909,1385.63615802624,1385.63615802624,1385.63615802624,1385.63615802624,1385.63615802624,1472.87956764887,1472.87956764887,1472.87956764887,1472.87956764887,1472.87956764887,1472.87956764887,1472.87956764887,1559.21393404914,1559.21393404914,1559.21393404914,1559.21393404914,1685.88220663001,1685.88220663001,1685.88220663001,1685.88220663001,1685.88220663001,1685.88220663001,1685.88220663001,1685.88220663001,1685.88220663001,1685.88220663001,1685.88220663001,1685.88220663001,1685.88220663001,1685.88220663001,1685.88220663001,1685.88220663001,1685.88220663001
1409.52306265801,1409.52306265801,1409.52306265801,1409.52306265801,1409.52306265801,1409.52306265801,1409.52306265801,1409.52306265801,1409.52306265801,1409.52306265801,1069.32303865692,1069.32303865692,1069.32303865692,491.978491196465,491.978491196465,491.978491196465,491.978491196465,491.978491196465,0,0,0,0,0,0,0,698.895668426464,698.895668426464,698.895668426464,698.895668426464,698.895668426464,698.895668426464,698.895668426464,698.895668426464,698.895668426464,698.895668426464,698.895668426464,698.895668426464,698.895668426464,698.895668426464,896.906016523363,896.906016523363,896.906016523363,896.906016523363,896.906016523363,984.230061714434,984.230061714434,984.230061714434,984.230061714434,984.230061714434,984.230061714434,984.230061714434,1069.93446368417,1069.93446368417,1069.93446368417,1069.93446368417,1194.56690702693,1194.56690702693,1194.56690702693,1194.56690702693,1194.56690702693,1194.56690702693,1194.56690702693,1194.56690702693,1194.56690702693,1194.56690702693,1194.56690702693,1194.56690702693,1194.56690702693,1194.56690702693,1194.56690702693,1194.56690702693,1194.56690702693
1409.52306265801,1409.52306265801,1409.52306265801,1409.52306265801,1409.52306265801,1409.52306265801,1409.52306265801,1409.52306265801,1409.52306265801,1409.52306265801,1069.32303865692,1069.32303865692,1069.32303865692,491.978491196465,491.978491196465,491.978491196465,491.978491196465,491.978491196465,0,0,0,0,0,0,0,698.895668426464,698.895668426464,698.895668426464,698.895668426464,698.895668426464,698.895668426464,698.895668426464,698.895668426464,698.895668426464,698.895668426464,698.895668426464,698.895668426464,698.895668426464,698.895668426464,896.906016523363,896.906016523363,896.906016523363,896.906016523363,896.906016523363,984.230061714434,984.230061714434,984.230061714434,984.230061714434,984.230061714434,984.230061714434,984.230061714434,1069.93446368417,1069.93446368417,1069.93446368417,1069.93446368417,1194.56690702693,1194.56690702693,1194.56690702693,1194.56690702693,1194.56690702693,1194.56690702693,1194.56690702693,1194.56690702693,1194.56690702693,1194.56690702693,1194.56690702693,1194.56690702693,1194.56690702693,1194.56690702693,1194.56690702693,1194.56690702693,1194.56690702693
1409.52306265801,1409.52306265801,1409.52306265801,1409.52306265801,1409.52306265801,1409.52306265801,1409.52306265801,1409.52306265801,1409.52306265801,1409.52306265801,1069.32303865692,1069.32303865692,1069.32303865692,491.978491196465,491.978491196465,491.978491196465,491.978491196465,491.978491196465,0,0,0,0,0,0,0,698.895668426464,698.895668426464,698.895668426464,698.895668426464,698.895668426464,698.895668426464,698.895668426464,698.895668426464,698.895668426464,698.895668426464,698.895668426464,698.895668426464,698.895668426464,698.895668426464,896.906016523363,896.906016523363,896.906016523363,896.906016523363,896.906016523363,984.230061714434,984.230061714434,984.230061714434,984.230061714434,984.230061714434,984.230061714434,984.230061714434,1069.93446368417,1069.93446368417,1069.93446368417,1069.93446368417,1194.56690702693,1194.56690702693,1194.56690702693,1194.56690702693,1194.56690702693,1194.56690702693,1194.56690702693,1194.56690702693,1194.56690702693,1194.56690702693,1194.56690702693,1194.56690702693,1194.56690702693,1194.56690702693,1194.56690702693,1194.56690702693,1194.56690702693
1409.52306265801,1409.52306265801,1409.52306265801,1409.52306265801,1409.52306265801,1409.52306265801,1409.52306265801,1409.52306265801,1409.52306265801,1409.52306265801,1069.32303865692,1069.32303865692,1069.32303865692,491.978491196465,491.978491196465,491.978491196465,491.978491196465,491.978491196465,0,0,0,0,0,0,0,698.895668426464,698.895668426464,698.895668426464,698.895668426464,698.895668426464,698.895668426464,698.895668426464,698.895668426464,698.895668426464,698.895668426464,698.895668426464,698.895668426464,698.895668426464,698.895668426464,896.906016523363,896.906016523363,896.906016523363,896.906016523363,896.906016523363,984.230061714434,984.230061714434,984.230061714434,984.230061714434,984.230061714434,984.230061714434,984.230061714434,1069.93446368417,1069.93446368417,1069.93446368417,1069.93446368417,1194.56690702693,1194.56690702693,1194.56690702693,1194.56690702693,1194.56690702693,1194.56690702693,1194.56690702693,1194.56690702693,1194.56690702693,1194.56690702693,1194.56690702693,1194.56690702693,1194.56690702693,1194.56690702693,1194.56690702693,1194.56690702693,1194.56690702693
1409.52306265801,1409.52306265801,1409.52306265801,1409.52306265801,1409.52306265801,1409.52306265801,1409.52306265801,1409.52306265801,1409.52306265801,1409.52306265801,1069.32303865692,1069.32303865692,1069.32303865692,491.978491196465,491.978491196465,491.978491196465,491.978491196465,491.978491196465,0,0,0,0,0,0,0,698.895668426464,698.895668426464,698.895668426464,698.895668426464,698.895668426464,698.895668426464,698.895668426464,698.895668426464,698.895668426464,698.895668426464,698.895668426464,698.895668426464,698.895668426464,698.895668426464,896.906016523363,896.906016523363,896.906016523363,896.906016523363,896.906016523363,984.230061714434,984.230061714434,984.230061714434,984.230061714434,984.230061714434,984.230061714434,984.230061714434,1069.93446368417,1069.93446368417,1069.93446368417,1069.93446368417,1194.56690702693,1194.56690702693,1194.56690702693,1194.56690702693,1194.56690702693,1194.56690702693,1194.56690702693,1194.56690702693,1194.56690702693,1194.56690702693,1194.56690702693,1194.56690702693,1194.56690702693,1194.56690702693,1194.56690702693,1194.56690702693,1194.56690702693
1409.52306265801,1409.52306265801,1409.52306265801,1409.52306265801,1409.52306265801,1409.52306265801,1409.52306265801,1409.52306265801,1409.52306265801,1409.52306265801,1069.32303865692,1069.32303865692,1069.32303865692,491.978491196465,491.978491196465,491.978491196465,491.978491196465,491.978491196465,0,0,0,0,0,0,0,698.895668426464,698.895668426464,698.895668426464,698.895668426464,698.895668426464,698.895668426464,698.895668426464,698.895668426464,698.895668426464,698.895668426464,698.895668426464,698.895668426464,698.895668426464,698.895668426464,896.906016523363,896.906016523363,896.906016523363,896.906016523363,896.906016523363,984.230061714434,984.230061714434,984.230061714434,984.230061714434,984.230061714434,984.230061714434,984.230061714434,1069.93446368417,1069.93446368417,1069.93446368417,1069.93446368417,1194.56690702693,1194.56690702693,1194.56690702693,1194.56690702693,1194.56690702693,1194.56690702693,1194.56690702693,1194.56690702693,1194.56690702693,1194.56690702693,1194.56690702693,1194.56690702693,1194.56690702693,1194.56690702693,1194.56690702693,1194.56690702693,1194.56690702693
1409.52306265801,1409.52306265801,1409.52306265801,1409.52306265801,1409.52306265801,1409.52306265801,1409.52306265801,1409.52306265801,1409.52306265801,1409.52306265801,1069.32303865692,1069.32303865692,1069.32303865692,491.978491196465,491.978491196465,491.978491196465,491.978491196465,491.978491196465,0,0,0,0,0,0,0,698.895668426464,698.895668426464,698.895668426464,698.895668426464,698.895668426464,698.895668426464,698.895668426464,698.895668426464,698.895668426464,698.895668426464,698.895668426464,698.895668426464,698.895668426464,698.895668426464,896.906016523363,896.906016523363,896.906016523363,896.906016523363,896.906016523363,984.230061714434,984.230061714434,984.230061714434,984.230061714434,984.230061714434,984.230061714434,984.230061714434,1069.93446368417,1069.93446368417,1069.93446368417,1069.93446368417,1194.56690702693,1194.56690702693,1194.56690702693,1194.56690702693,1194.56690702693,1194.56690702693,1194.56690702693,1194.56690702693,1194.56690702693,1194.56690702693,1194.56690702693,1194.56690702693,1194.56690702693,1194.56690702693,1194.56690702693,1194.56690702693,1194.56690702693
2094.40181650229,2094.40181650229,2094.40181650229,2094.40181650229,2094.40181650229,2094.40181650229,2094.40181650229,2094.40181650229,2094.40181650229,2094.40181650229,1756.53301179338,1756.53301179338,1756.53301179338,1186.65420608909,1186.65420608909,1186.65420608909,1186.65420608909,1186.65420608909,698.895668426464,698.895668426464,698.895668426464,698.895668426464,698.895668426464,698.895668426464,698.895668426464,0,0,0,0,0,0,0,0,0,0,0,0,0,0,199.241786487984,199.241786487984,199.241786487984,199.241786487984,199.241786487984,286.310312334237,286.310312334237,286.310312334237,286.310312334237,286.310312334237,286.310312334237,286.310312334237,373.013873403247,373.013873403247,373.013873403247,373.013873403247,505.543627729899,505.543627729899,505.543627729899,505.543627729899,505.543627729899,505.543627729899,505.543627729899,505.543627729899,505.543627729899,505.543627729899,505.543627729899,505.543627729899,505.543627729899,505.543627729899,505.543627729899,505.543627729899,505.543627729899
2094.40181650229,2094.40181650229,2094.40181650229,2094.40181650229,2094.40181650229,2094.40181650229,2094.40181650229,2094.40181650229,2094.40181650229,2094.40181650229,1756.53301179338,1756.53301179338,1756.53301179338,1186.65420608909,1186.65420608909,1186.65420608909,1186.65420608909,1186.65420608909,698.895668426464,698.895668426464,698.895668426464,698.895668426464,698.895668426464,698.895668426464,698.895668426464,0,0,0,0,0,0,0,0,0,0,0,0,0,0,199.241786487984,199.241786487984,199.241786487984,199.241786487984,199.241786487984,286.310312334237,286.310312334237,286.310312334237,286.310312334237,286.310312334237,286.310312334237,286.310312334237,373.013873403247,373.013873403247,373.013873403247,373.013873403247,505.543627729899,505.543627729899,505.543627729899,505.543627729899,505.543627729899,505.543627729899,505.543627729899,505.543627729899,505.543627729899,505.543627729899,505.543627729899,505.543627729899,505.543627729899,505.543627729899,505.543627729899,505.543627729899,505.543627729899
2094.40181650229,2094.40181650229,2094.40181650229,2094.40181650229,2094.40181650229,2094.40181650229,2094.40181650229,2094.40181650229,2094.40181650229,2094.40181650229,1756.53301179338,1756.53301179338,1756.53301179338,1186.65420608909,1186.65420608909,1186.65420608909,1186.65420608909,1186.65420608909,698.895668426464,698.895668426464,698.895668426464,698.895668426464,698.895668426464,698.895668426464,698.895668426464,0,0,0,0,0,0,0,0,0,0,0,0,0,0,199.241786487984,199.241786487984,199.241786487984,199.241786487984,199.241786487984,286.310312334237,286.310312334237,286.310312334237,286.310312334237,286.310312334237,286.310312334237,286.310312334237,373.013873403247,373.013873403247,373.013873403247,373.013873403247,505.543627729899,505.543627729899,505.543627729899,505.543627729899,505.543627729899,505.543627729899,505.543627729899,505.543627729899,505.543627729899,505.543627729899,505.543627729899,505.543627729899,505.543627729899,505.543627729899,505.543627729899,505.543627729899,505.543627729899
2094.40181650229,2094.40181650229,2094.40181650229,2094.40181650229,2094.40181650229,2094.40181650229,2094.40181650229,2094.40181650229,2094.40181650229,2094.40181650229,1756.53301179338,1756.53301179338,1756.53301179338,1186.65420608909,1186.65420608909,1186.65420608909,1186.65420608909,1186.65420608909,698.895668426464,698.895668426464,698.895668426464,698.895668426464,698.895668426464,698.895668426464,698.895668426464,0,0,0,0,0,0,0,0,0,0,0,0,0,0,199.241786487984,199.241786487984,199.241786487984,199.241786487984,199.241786487984,286.310312334237,286.310312334237,286.310312334237,286.310312334237,286.310312334237,286.310312334237,286.310312334237,373.013873403247,373.013873403247,373.013873403247,373.013873403247,505.543627729899,505.543627729899,505.543627729899,505.543627729899,505.543627729899,505.543627729899,505.543627729899,505.543627729899,505.543627729899,505.543627729899,505.543627729899,505.543627729899,505.543627729899,505.543627729899,505.543627729899,505.543627729899,505.543627729899
2094.40181650229,2094.40181650229,2094.40181650229,2094.40181650229,2094.40181650229,2094.40181650229,2094.40181650229,2094.40181650229,2094.40181650229,2094.40181650229,1756.53301179338,1756.53301179338,1756.53301179338,1186.65420608909,1186.65420608909,1186.65420608909,1186.65420608909,1186.65420608909,698.895668426464,698.895668426464,698.895668426464,698.895668426464,698.895668426464,698.895668426464,698.895668426464,0,0,0,0,0,0,0,0,0,0,0,0,0,0,199.241786487984,199.241786487984,199.241786487984,199.241786487984,199.241786487984,286.310312334237,286.310312334237,286.310312334237,286.310312334237,286.310312334237,286.310312334237,286.310312334237,373.013873403247,373.013873403247,373.013873403247,373.013873403247,505.543627729899,505.543627729899,505.543627729899,505.543627729899,505.543627729899,505.543627729899,505.543627729899,505.543627729899,505.543627729899,505.543627729899,505.543627729899,505.543627729899,505.543627729899,505.543627729899,505.543627729899,505.543627729899,505.543627729899
2094.40181650229,2094.40181650229,2094.40181650229,2094.40181650229,2094.40181650229,2094.40181650229,2094.40181650229,2094.40181650229,2094.40181650229,2094.40181650229,1756.53301179338,1756.53301179338,1756.53301179338,1186.65420608909,1186.65420608909,1186.65420608909,1186.65420608909,1186.65420608909,698.895668426464,698.895668426464,698.895668426464,698.895668426464,698.895668426464,698.895668426464,698.895668426464,0,0,0,0,0,0,0,0,0,0,0,0,0,0,199.241786487984,199.241786487984,199.241786487984,199.241786487984,199.241786487984,286.310312334237,286.310312334237,286.310312334237,286.310312334237,286.310312334237,286.310312334237,286.310312334237,373.013873403247,373.013873403247,373.013873403247,373.013873403247,505.543627729899,505.543627729899,505.543627729899,505.543627729899,505.543627729899,505.543627729899,505.543627729899,505.543627729899,505.543627729899,505.543627729899,505.543627729899,505.543627729899,505.543627729899,505.543627729899,505.543627729899,505.543627729899,505.543627729899
2094.40181650229,2094.40181650229,2094.40181650229,2094.40181650229,2094.40181650229,2094.40181650229,2094.40181650229,2094.40181650229,2094.40181650229,2094.40181650229,1756.53301179338,1756.53301179338,1756.53301179338,1186.65420608909,1186.65420608909,1186.65420608909,1186.65420608909,1186.65420608909,698.895668426464,698.895668426464,698.895668426464,698.895668426464,698.895668426464,698.895668426464,698.895668426464,0,0,0,0,0,0,0,0,0,0,0,0,0,0,199.241786487984,199.241786487984,199.241786487984,199.241786487984,199.241786487984,286.310312334237,286.310312334237,286.310312334237,286.310312334237,286.310312334237,286.310312334237,286.310312334237,373.013873403247,373.013873403247,373.013873403247,373.013873403247,505.543627729899,505.543627729899,505.543627729899,505.543627729899,505.543627729899,505.543627729899,505.543627729899,505.543627729899,505.543627729899,505.543627729899,505.543627729899,505.543627729899,505.543627729899,505.543627729899,505.543627729899,505.543627729899,505.543627729899
2094.40181650229,2094.40181650229,2094.40181650229,2094.40181650229,2094.40181650229,2094.40181650229,2094.40181650229,2094.40181650229,2094.40181650229,2094.40181650229,1756.53301179338,1756.53301179338,1756.53301179338,1186.65420608909,1186.65420608909,1186.65420608909,1186.65420608909,1186.65420608909,698.895668426464,698.895668426464,698.895668426464,698.895668426464,698.895668426464,698.895668426464,698.895668426464,0,0,0,0,0,0,0,0,0,0,0,0,0,0,199.241786487984,199.241786487984,199.241786487984,199.241786487984,199.241786487984,286.310312334237,286.310312334237,286.310312334237,286.310312334237,286.310312334237,286.310312334237,286.310312334237,373.013873403247,373.013873403247,373.013873403247,373.013873403247,505.543627729899,505.543627729899,505.543627729899,505.543627729899,505.543627729899,505.543627729899,505.543627729899,505.543627729899,505.543627729899,505.543627729899,505.543627729899,505.543627729899,505.543627729899,505.543627729899,505.543627729899,505.543627729899,505.543627729899
2094.40181650229,2094.40181650229,2094.40181650229,2094.40181650229,2094.40181650229,2094.40181650229,2094.40181650229,2094.40181650229,2094.40181650229,2094.40181650229,1756.53301179338,1756.53301179338,1756.53301179338,1186.65420608909,1186.65420608909,1186.65420608909,1186.65420608909,1186.65420608909,698.895668426464,698.895668426464,698.895668426464,698.895668426464,698.895668426464,698.895668426464,698.895668426464,0,0,0,0,0,0,0,0,0,0,0,0,0,0,199.241786487984,199.241786487984,199.241786487984,199.241786487984,199.241786487984,286.310312334237,286.310312334237,286.310312334237,286.310312334237,286.310312334237,286.310312334237,286.310312334237,373.013873403247,373.013873403247,373.013873403247,373.013873403247,505.543627729899,505.543627729899,505.543627729899,505.543627729899,505.543627729899,505.543627729899,505.543627729899,505.543627729899,505.543627729899,505.543627729899,505.543627729899,505.543627729899,505.543627729899,505.543627729899,505.543627729899,505.543627729899,505.543627729899
2094.40181650229,2094.40181650229,2094.40181650229,2094.40181650229,2094.40181650229,2094.40181650229,2094.40181650229,2094.40181650229,2094.40181650229,2094.40181650229,1756.53301179338,1756.53301179338,1756.53301179338,1186.65420608909,1186.65420608909,1186.65420608909,1186.65420608909,1186.65420608909,698.895668426464,698.895668426464,698.895668426464,698.895668426464,698.895668426464,698.895668426464,698.895668426464,0,0,0,0,0,0,0,0,0,0,0,0,0,0,199.241786487984,199.241786487984,199.241786487984,199.241786487984,199.241786487984,286.310312334237,286.310312334237,286.310312334237,286.310312334237,286.310312334237,286.310312334237,286.310312334237,373.013873403247,373.013873403247,373.013873403247,373.013873403247,505.543627729899,505.543627729899,505.543627729899,505.543627729899,505.543627729899,505.543627729899,505.543627729899,505.543627729899,505.543627729899,505.543627729899,505.543627729899,505.543627729899,505.543627729899,505.543627729899,505.543627729899,505.543627729899,505.543627729899
2094.40181650229,2094.40181650229,2094.40181650229,2094.40181650229,2094.40181650229,2094.40181650229,2094.40181650229,2094.40181650229,2094.40181650229,2094.40181650229,1756.53301179338,1756.53301179338,1756.53301179338,1186.65420608909,1186.65420608909,1186.65420608909,1186.65420608909,1186.65420608909,698.895668426464,698.895668426464,698.895668426464,698.895668426464,698.895668426464,698.895668426464,698.895668426464,0,0,0,0,0,0,0,0,0,0,0,0,0,0,199.241786487984,199.241786487984,199.241786487984,199.241786487984,199.241786487984,286.310312334237,286.310312334237,286.310312334237,286.310312334237,286.310312334237,286.310312334237,286.310312334237,373.013873403247,373.013873403247,373.013873403247,373.013873403247,505.543627729899,505.543627729899,505.543627729899,505.543627729899,505.543627729899,505.543627729899,505.543627729899,505.543627729899,505.543627729899,505.543627729899,505.543627729899,505.543627729899,505.543627729899,505.543627729899,505.543627729899,505.543627729899,505.543627729899
2094.40181650229,2094.40181650229,2094.40181650229,2094.40181650229,2094.40181650229,2094.40181650229,2094.40181650229,2094.40181650229,2094.40181650229,2094.40181650229,1756.53301179338,1756.53301179338,1756.53301179338,1186.65420608909,1186.65420608909,1186.65420608909,1186.65420608909,1186.65420608909,698.895668426464,698.895668426464,698.895668426464,698.895668426464,698.895668426464,698.895668426464,698.895668426464,0,0,0,0,0,0,0,0,0,0,0,0,0,0,199.241786487984,199.241786487984,199.241786487984,199.241786487984,199.241786487984,286.310312334237,286.310312334237,286.310312334237,286.310312334237,286.310312334237,286.310312334237,286.310312334237,373.013873403247,373.013873403247,373.013873403247,373.013873403247,505.543627729899,505.543627729899,505.543627729899,505.543627729899,505.543627729899,505.543627729899,505.543627729899,505.543627729899,505.543627729899,505.543627729899,505.543627729899,505.543627729899,505.543627729899,505.543627729899,505.543627729899,505.543627729899,505.543627729899
2094.40181650229,2094.40181650229,2094.40181650229,2094.40181650229,2094.40181650229,2094.40181650229,2094.40181650229,2094.40181650229,2094.40181650229,2094.40181650229,1756.53301179338,1756.53301179338,1756.53301179338,1186.65420608909,1186.65420608909,1186.65420608909,1186.65420608909,1186.65420608909,698.895668426464,698.895668426464,698.895668426464,698.895668426464,698.895668426464,698.895668426464,698.895668426464,0,0,0,0,0,0,0,0,0,0,0,0,0,0,199.241786487984,199.241786487984,199.241786487984,199.241786487984,199.241786487984,286.310312334237,286.310312334237,286.310312334237,286.310312334237,286.310312334237,286.310312334237,286.310312334237,373.013873403247,373.013873403247,373.013873403247,373.013873403247,505.543627729899,505.543627729899,505.543627729899,505.543627729899,505.543627729899,505.543627729899,505.543627729899,505.543627729899,505.543627729899,505.543627729899,505.543627729899,505.543627729899,505.543627729899,505.543627729899,505.543627729899,505.543627729899,505.543627729899
2094.40181650229,2094.40181650229,2094.40181650229,2094.40181650229,2094.40181650229,2094.40181650229,2094.40181650229,2094.40181650229,2094.40181650229,2094.40181650229,1756.53301179338,1756.53301179338,1756.53301179338,1186.65420608909,1186.65420608909,1186.65420608909,1186.65420608909,1186.65420608909,698.895668426464,698.895668426464,698.895668426464,698.895668426464,698.895668426464,698.895668426464,698.895668426464,0,0,0,0,0,0,0,0,0,0,0,0,0,0,199.241786487984,199.241786487984,199.241786487984,199.241786487984,199.241786487984,286.310312334237,286.310312334237,286.310312334237,286.310312334237,286.310312334237,286.310312334237,286.310312334237,373.013873403247,373.013873403247,373.013873403247,373.013873403247,505.543627729899,505.543627729899,505.543627729899,505.543627729899,505.543627729899,505.543627729899,505.543627729899,505.543627729899,505.543627729899,505.543627729899,505.543627729899,505.543627729899,505.543627729899,505.543627729899,505.543627729899,505.543627729899,505.543627729899
2293.50432677567,2293.50432677567,2293.50432677567,2293.50432677567,2293.50432677567,2293.50432677567,2293.50432677567,2293.50432677567,2293.50432677567,2293.50432677567,1955.7484803014,1955.7484803014,1955.7484803014,1385.63615802624,1385.63615802624,1385.63615802624,1385.63615802624,1385.63615802624,896.906016523363,896.906016523363,896.906016523363,896.906016523363,896.906016523363,896.906016523363,896.906016523363,199.241786487984,199.241786487984,199.241786487984,199.241786487984,199.241786487984,199.241786487984,199.241786487984,199.241786487984,199.241786487984,199.241786487984,199.241786487984,199.241786487984,199.241786487984,199.241786487984,0,0,0,0,0,87.32557039331,87.32557039331,87.32557039331,87.32557039331,87.32557039331,87.32557039331,87.32557039331,173.772464835409,173.772464835409,173.772464835409,173.772464835409,309.201042561508,309.201042561508,309.201042561508,309.201042561508,309.201042561508,309.201042561508,309.201042561508,309.201042561508,309.201042561508,309.201042561508,309.201042561508,309.201042561508,309.201042561508,309.201042561508,309.201042561508,309.201042561508,309.201042561508
2293.50432677567,2293.50432677567,2293.50432677567,2293.50432677567,2293.50432677567,2293.50432677567,2293.50432677567,2293.50432677567,2293.50432677567,2293.50432677567,1955.7484803014,1955.7484803014,1955.7484803014,1385.63615802624,1385.63615802624,1385.63615802624,1385.63615802624,1385.63615802624,896.906016523363,896.906016523363,896.906016523363,896.906016523363,896.906016523363,896.906016523363,896.906016523363,199.241786487984,199.241786487984,199.241786487984,199.241786487984,199.241786487984,199.241786487984,199.241786487984,199.241786487984,199.241786487984,199.241786487984,199.241786487984,199.241786487984,199.241786487984,199.241786487984,0,0,0,0,0,87.32557039331,87.32557039331,87.32557039331,87.32557039331,87.32557039331,87.32557039331,87.32557039331,173.772464835409,173.772464835409,173.772464835409,173.772464835409,309.201042561508,309.201042561508,309.201042561508,309.201042561508,309.201042561508,309.201042561508,309.201042561508,309.201042561508,309.201042561508,309.201042561508,309.201042561508,309.201042561508,309.201042561508,309.201042561508,309.201042561508,309.201042561508,309.201042561508
2293.50432677567,2293.50432677567,2293.50432677567,2293.50432677567,2293.50432677567,2293.50432677567,2293.50432677567,2293.50432677567,2293.50432677567,2293.50432677567,1955.7484803014,1955.7484803014,1955.7484803014,1385.63615802624,1385.63615802624,1385.63615802624,1385.63615802624,1385.63615802624,896.906016523363,896.906016523363,896.906016523363,896.906016523363,896.906016523363,896.906016523363,896.906016523363,199.241786487984,199.241786487984,199.241786487984,199.241786487984,199.241786487984,199.241786487984,199.241786487984,199.241786487984,199.241786487984,199.241786487984,199.241786487984,199.241786487984,199.241786487984,199.241786487984,0,0,0,0,0,87.32557039331,87.32557039331,87.32557039331,87.32557039331,87.32557039331,87.32557039331,87.32557039331,173.772464835409,173.772464835409,173.772464835409,173.772464835409,309.201042561508,309.201042561508,309.201042561508,309.201042561508,309.201042561508,309.201042561508,309.201042561508,309.201042561508,309.201042561508,309.201042561508,309.201042561508,309.201042561508,309.201042561508,309.201042561508,309.201042561508,309.201042561508,309.201042561508
2293.50432677567,2293.50432677567,2293.50432677567,2293.50432677567,2293.50432677567,2293.50432677567,2293.50432677567,2293.50432677567,2293.50432677567,2293.50432677567,1955.7484803014,1955.7484803014,1955.7484803014,1385.63615802624,1385.63615802624,1385.63615802624,1385.63615802624,1385.63615802624,896.906016523363,896.906016523363,896.906016523363,896.906016523363,896.906016523363,896.906016523363,896.906016523363,199.241786487984,199.241786487984,199.241786487984,199.241786487984,199.241786487984,199.241786487984,199.241786487984,199.241786487984,199.241786487984,199.241786487984,199.241786487984,199.241786487984,199.241786487984,199.241786487984,0,0,0,0,0,87.32557039331,87.32557039331,87.32557039331,87.32557039331,87.32557039331,87.32557039331,87.32557039331,173.772464835409,173.772464835409,173.772464835409,173.772464835409,309.201042561508,309.201042561508,309.201042561508,309.201042561508,309.201042561508,309.201042561508,309.201042561508,309.201042561508,309.201042561508,309.201042561508,309.201042561508,309.201042561508,309.201042561508,309.201042561508,309.201042561508,309.201042561508,309.201042561508
2293.50432677567,2293.50432677567,2293.50432677567,2293.50432677567,2293.50432677567,2293.50432677567,2293.50432677567,2293.50432677567,2293.50432677567,2293.50432677567,1955.7484803014,1955.7484803014,1955.7484803014,1385.63615802624,1385.63615802624,1385.63615802624,1385.63615802624,1385.63615802624,896.906016523363,896.906016523363,896.906016523363,896.906016523363,896.906016523363,896.906016523363,896.906016523363,199.241786487984,199.241786487984,199.241786487984,199.241786487984,199.241786487984,199.241786487984,199.241786487984,199.241786487984,199.241786487984,199.241786487984,199.241786487984,199.241786487984,199.241786487984,199.241786487984,0,0,0,0,0,87.32557039331,87.32557039331,87.32557039331,87.32557039331,87.32557039331,87.32557039331,87.32557039331,173.772464835409,173.772464835409,173.772464835409,173.772464835409,309.201042561508,309.201042561508,309.201042561508,309.201042561508,309.201042561508,309.201042561508,309.201042561508,309.201042561508,309.201042561508,309.201042561508,309.201042561508,309.201042561508,309.201042561508,309.201042561508,309.201042561508,309.201042561508,309.201042561508
2380.14236782938,2380.14236782938,2380.14236782938,2380.14236782938,2380.14236782938,2380.14236782938,2380.14236782938,2380.14236782938,2380.14236782938,2380.14236782938,2042.59120062808,2042.59120062808,2042.59120062808,1472.87956764887,1472.87956764887,1472.87956764887,1472.87956764887,1472.87956764887,984.230061714434,984.230061714434,984.230061714434,984.230061714434,984.230061714434,984.230061714434,984.230061714434,286.310312334237,286.310312334237,286.310312334237,286.310312334237,286.310312334237,286.310312334237,286.310312334237,286.310312334237,286.310312334237,286.310312334237,286.310312334237,286.310312334237,286.310312334237,286.310312334237,87.32557039331,87.32557039331,87.32557039331,87.32557039331,87.32557039331,0,0,0,0,0,0,0,87.2326880173677,87.2326880173677,87.2326880173677,87.2326880173677,227.6319314119,227.6319314119,227.6319314119,227.6319314119,227.6319314119,227.6319314119,227.6319314119,227.6319314119,227.6319314119,227.6319314119,227.6319314119,227.6319314119,227.6319314119,227.6319314119,227.6319314119,227.6319314119,227.6319314119
2380.14236782938,2380.14236782938,2380.14236782938,2380.14236782938,2380.14236782938,2380.14236782938,2380.14236782938,2380.14236782938,2380.14236782938,2380.14236782938,2042.59120062808,2042.59120062808,2042.59120062808,1472.87956764887,1472.87956764887,1472.87956764887,1472.87956764887,1472.87956764887,984.230061714434,984.230061714434,984.230061714434,984.230061714434,984.230061714434,984.230061714434,984.230061714434,286.310312334237,286.310312334237,286.310312334237,286.310312334237,286.310312334237,286.310312334237,286.310312334237,286.310312334237,286.310312334237,286.310312334237,286.310312334237,286.310312334237,286.310312334237,286.310312334237,87.32557039331,87.32557039331,87.32557039331,87.32557039331,87.32557039331,0,0,0,0,0,0,0,87.2326880173677,87.2326880173677,87.2326880173677,87.2326880173677,227.6319314119,227.6319314119,227.6319314119,227.6319314119,227.6319314119,227.6319314119,227.6319314119,227.6319314119,227.6319314119,227.6319314119,227.6319314119,227.6319314119,227.6319314119,227.6319314119,227.6319314119,227.6319314119,227.6319314119
2380.14236782938,2380.14236782938,2380.14236782938,2380.14236782938,2380.14236782938,2380.14236782938,2380.14236782938,2380.14236782938,2380.14236782938,2380.14236782938,2042.59120062808,2042.59120062808,2042.59120062808,1472.87956764887,1472.87956764887,1472.87956764887,1472.87956764887,1472.87956764887,984.230061714434,984.230061714434,984.230061714434,984.230061714434,984.230061714434,984.230061714434,984.230061714434,286.310312334237,286.310312334237,286.310312334237,286.310312334237,286.310312334237,286.310312334237,286.310312334237,286.310312334237,286.310312334237,286.310312334237,286.310312334237,286.310312334237,286.310312334237,286.310312334237,87.32557039331,87.32557039331,87.32557039331,87.32557039331,87.32557039331,0,0,0,0,0,0,0,87.2326880173677,87.2326880173677,87.2326880173677,87.2326880173677,227.6319314119,227.6319314119,227.6319314119,227.6319314119,227.6319314119,227.6319314119,227.6319314119,227.6319314119,227.6319314119,227.6319314119,227.6319314119,227.6319314119,227.6319314119,227.6319314119,227.6319314119,227.6319314119,227.6319314119
2380.14236782938,2380.14236782938,2380.14236782938,2380.14236782938,2380.14236782938,2380.14236782938,2380.14236782938,2380.14236782938,2380.14236782938,2380.14236782938,2042.59120062808,2042.59120062808,2042.59120062808,1472.87956764887,1472.87956764887,1472.87956764887,1472.87956764887,1472.87956764887,984.230061714434,984.230061714434,984.230061714434,984.230061714434,984.230061714434,984.230061714434,984.230061714434,286.310312334237,286.310312334237,286.310312334237,286.310312334237,286.310312334237,286.310312334237,286.310312334237,286.310312334237,286.310312334237,286.310312334237,286.310312334237,286.310312334237,286.310312334237,286.310312334237,87.32557039331,87.32557039331,87.32557039331,87.32557039331,87.32557039331,0,0,0,0,0,0,0,87.2326880173677,87.2326880173677,87.2326880173677,87.2326880173677,227.6319314119,227.6319314119,227.6319314119,227.6319314119,227.6319314119,227.6319314119,227.6319314119,227.6319314119,227.6319314119,227.6319314119,227.6319314119,227.6319314119,227.6319314119,227.6319314119,227.6319314119,227.6319314119,227.6319314119
2380.14236782938,2380.14236782938,2380.14236782938,2380.14236782938,2380.14236782938,2380.14236782938,2380.14236782938,2380.14236782938,2380.14236782938,2380.14236782938,2042.59120062808,2042.59120062808,2042.59120062808,1472.87956764887,1472.87956764887,1472.87956764887,1472.87956764887,1472.87956764887,984.230061714434,984.230061714434,984.230061714434,984.230061714434,984.230061714434,984.230061714434,984.230061714434,286.310312334237,286.310312334237,286.310312334237,286.310312334237,286.310312334237,286.310312334237,286.310312334237,286.310312334237,286.310312334237,286.310312334237,286.310312334237,286.310312334237,286.310312334237,286.310312334237,87.32557039331,87.32557039331,87.32557039331,87.32557039331,87.32557039331,0,0,0,0,0,0,0,87.2326880173677,87.2326880173677,87.2326880173677,87.2326880173677,227.6319314119,227.6319314119,227.6319314119,227.6319314119,227.6319314119,227.6319314119,227.6319314119,227.6319314119,227.6319314119,227.6319314119,227.6319314119,227.6319314119,227.6319314119,227.6319314119,227.6319314119,227.6319314119,227.6319314119
2380.14236782938,2380.14236782938,2380.14236782938,2380.14236782938,2380.14236782938,2380.14236782938,2380.14236782938,2380.14236782938,2380.14236782938,2380.14236782938,2042.59120062808,2042.59120062808,2042.59120062808,1472.87956764887,1472.87956764887,1472.87956764887,1472.87956764887,1472.87956764887,984.230061714434,984.230061714434,984.230061714434,984.230061714434,984.230061714434,984.230061714434,984.230061714434,286.310312334237,286.310312334237,286.310312334237,286.310312334237,286.310312334237,286.310312334237,286.310312334237,286.310312334237,286.310312334237,286.310312334237,286.310312334237,286.310312334237,286.310312334237,286.310312334237,87.32557039331,87.32557039331,87.32557039331,87.32557039331,87.32557039331,0,0,0,0,0,0,0,87.2326880173677,87.2326880173677,87.2326880173677,87.2326880173677,227.6319314119,227.6319314119,227.6319314119,227.6319314119,227.6319314119,227.6319314119,227.6319314119,227.6319314119,227.6319314119,227.6319314119,227.6319314119,227.6319314119,227.6319314119,227.6319314119,227.6319314119,227.6319314119,227.6319314119
2380.14236782938,2380.14236782938,2380.14236782938,2380.14236782938,2380.14236782938,2380.14236782938,2380.14236782938,2380.14236782938,2380.14236782938,2380.14236782938,2042.59120062808,2042.59120062808,2042.59120062808,1472.87956764887,1472.87956764887,1472.87956764887,1472.87956764887,1472.87956764887,984.230061714434,984.230061714434,984.230061714434,984.230061714434,984.230061714434,984.230061714434,984.230061714434,286.310312334237,286.310312334237,286.310312334237,286.310312334237,286.310312334237,286.310312334237,286.310312334237,286.310312334237,286.310312334237,286.310312334237,286.310312334237,286.310312334237,286.310312334237,286.310312334237,87.32557039331,87.32557039331,87.32557039331,87.32557039331,87.32557039331,0,0,0,0,0,0,0,87.2326880173677,87.2326880173677,87.2326880173677,87.2326880173677,227.6319314119,227.6319314119,227.6319314119,227.6319314119,227.6319314119,227.6319314119,227.6319314119,227.6319314119,227.6319314119,227.6319314119,227.6319314119,227.6319314119,227.6319314119,227.6319314119,227.6319314119,227.6319314119,227.6319314119
2467.18883595895,2467.18883595895,2467.18883595895,2467.18883595895,2467.18883595895,2467.18883595895,2467.18883595895,2467.18883595895,2467.18883595895,2467.18883595895,2129.50829073387,2129.50829073387,2129.50829073387,1559.21393404914,1559.21393404914,1559.21393404914,1559.21393404914,1559.21393404914,1069.93446368417,1069.93446368417,1069.93446368417,1069.93446368417,1069.93446368417,1069.93446368417,1069.93446368417,373.013873403247,373.013873403247,373.013873403247,373.013873403247,373.013873403247,373.013873403247,373.013873403247,373.013873403247,373.013873403247,373.013873403247,373.013873403247,373.013873403247,373.013873403247,373.013873403247,173.772464835409,173.772464835409,173.772464835409,173.772464835409,173.772464835409,87.2326880173677,87.2326880173677,87.2326880173677,87.2326880173677,87.2326880173677,87.2326880173677,87.2326880173677,0,0,0,0,144.348009659348,144.348009659348,144.348009659348,144.348009659348,144.348009659348,144.348009659348,144.348009659348,144.348009659348,144.348009659348,144.348009659348,144.348009659348,144.348009659348,144.348009659348,144.348009659348,144.348009659348,144.348009659348,144.348009659348
2467.18883595895,2467.18883595895,2467.18883595895,2467.18883595895,2467.18883595895,2467.18883595895,2467.18883595895,2467.18883595895,2467.18883595895,2467.18883595895,2129.50829073387,2129.50829073387,2129.50829073387,1559.21393404914,1559.21393404914,1559.21393404914,1559.21393404914,1559.21393404914,1069.93446368417,1069.93446368417,1069.93446368417,1069.93446368417,1069.93446368417,1069.93446368417,1069.93446368417,373.013873403247,373.013873403247,373.013873403247,373.013873403247,373.013873403247,373.013873403247,373.013873403247,373.013873403247,373.013873403247,373.013873403247,373.013873403247,373.013873403247,373.013873403247,373.013873403247,173.772464835409,173.772464835409,173.772464835409,173.772464835409,173.772464835409,87.2326880173677,87.2326880173677,87.2326880173677,87.2326880173677,87.2326880173677,87.2326880173677,87.2326880173677,0,0,0,0,144.348009659348,144.348009659348,144.348009659348,144.348009659348,144.348009659348,144.348009659348,144.348009659348,144.348009659348,144.348009659348,144.348009659348,144.348009659348,144.348009659348,144.348009659348,144.348009659348,144.348009659348,144.348009659348,144.348009659348
2467.18883595895,2467.18883595895,2467.18883595895,2467.18883595895,2467.18883595895,2467.18883595895,2467.18883595895,2467.18883595895,2467.18883595895,2467.18883595895,2129.50829073387,2129.50829073387,2129.50829073387,1559.21393404914,1559.21393404914,1559.21393404914,1559.21393404914,1559.21393404914,1069.93446368417,1069.93446368417,1069.93446368417,1069.93446368417,1069.93446368417,1069.93446368417,1069.93446368417,373.013873403247,373.013873403247,373.013873403247,373.013873403247,373.013873403247,373.013873403247,373.013873403247,373.013873403247,373.013873403247,373.013873403247,373.013873403247,373.013873403247,373.013873403247,373.013873403247,173.772464835409,173.772464835409,173.772464835409,173.772464835409,173.772464835409,87.2326880173677,87.2326880173677,87.2326880173677,87.2326880173677,87.2326880173677,87.2326880173677,87.2326880173677,0,0,0,0,144.348009659348,144.348009659348,144.348009659348,144.348009659348,144.348009659348,144.348009659348,144.348009659348,144.348009659348,144.348009659348,144.348009659348,144.348009659348,144.348009659348,144.348009659348,144.348009659348,144.348009659348,144.348009659348,144.348009659348
2467.18883595895,2467.18883595895,2467.18883595895,2467.18883595895,2467.18883595895,2467.18883595895,2467.18883595895,2467.18883595895,2467.18883595895,2467.18883595895,2129.50829073387,2129.50829073387,2129.50829073387,1559.21393404914,1559.21393404914,1559.21393404914,1559.21393404914,1559.21393404914,1069.93446368417,1069.93446368417,1069.93446368417,1069.93446368417,1069.93446368417,1069.93446368417,1069.93446368417,373.013873403247,373.013873403247,373.013873403247,373.013873403247,373.013873403247,373.013873403247,373.013873403247,373.013873403247,373.013873403247,373.013873403247,373.013873403247,373.013873403247,373.013873403247,373.013873403247,173.772464835409,173.772464835409,173.772464835409,173.772464835409,173.772464835409,87.2326880173677,87.2326880173677,87.2326880173677,87.2326880173677,87.2326880173677,87.2326880173677,87.2326880173677,0,0,0,0,144.348009659348,144.348009659348,144.348009659348,144.348009659348,144.348009659348,144.348009659348,144.348009659348,144.348009659348,144.348009659348,144.348009659348,144.348009659348,144.348009659348,144.348009659348,144.348009659348,144.348009659348,144.348009659348,144.348009659348
2598.12362620488,2598.12362620488,2598.12362620488,2598.12362620488,2598.12362620488,2598.12362620488,2598.12362620488,2598.12362620488,2598.12362620488,2598.12362620488,2259.41150302456,2259.41150302456,2259.41150302456,1685.88220663001,1685.88220663001,1685.88220663001,1685.88220663001,1685.88220663001,1194.56690702693,1194.56690702693,1194.56690702693,1194.56690702693,1194.56690702693,1194.56690702693,1194.56690702693,505.543627729899,505.543627729899,505.543627729899,505.543627729899,505.543627729899,505.543627729899,505.543627729899,505.543627729899,505.543627729899,505.543627729899,505.543627729899,505.543627729899,505.543627729899,505.543627729899,309.201042561508,309.201042561508,309.201042561508,309.201042561508,309.201042561508,227.6319314119,227.6319314119,227.6319314119,227.6319314119,227.6319314119,227.6319314119,227.6319314119,144.348009659348,144.348009659348,144.348009659348,144.348009659348,0,0,0,0,0,0,0,0,0,0,0,0,0,0,0,0,0
2598.12362620488,2598.12362620488,2598.12362620488,2598.12362620488,2598.12362620488,2598.12362620488,2598.12362620488,2598.12362620488,2598.12362620488,2598.12362620488,2259.41150302456,2259.41150302456,2259.41150302456,1685.88220663001,1685.88220663001,1685.88220663001,1685.88220663001,1685.88220663001,1194.56690702693,1194.56690702693,1194.56690702693,1194.56690702693,1194.56690702693,1194.56690702693,1194.56690702693,505.543627729899,505.543627729899,505.543627729899,505.543627729899,505.543627729899,505.543627729899,505.543627729899,505.543627729899,505.543627729899,505.543627729899,505.543627729899,505.543627729899,505.543627729899,505.543627729899,309.201042561508,309.201042561508,309.201042561508,309.201042561508,309.201042561508,227.6319314119,227.6319314119,227.6319314119,227.6319314119,227.6319314119,227.6319314119,227.6319314119,144.348009659348,144.348009659348,144.348009659348,144.348009659348,0,0,0,0,0,0,0,0,0,0,0,0,0,0,0,0,0
2598.12362620488,2598.12362620488,2598.12362620488,2598.12362620488,2598.12362620488,2598.12362620488,2598.12362620488,2598.12362620488,2598.12362620488,2598.12362620488,2259.41150302456,2259.41150302456,2259.41150302456,1685.88220663001,1685.88220663001,1685.88220663001,1685.88220663001,1685.88220663001,1194.56690702693,1194.56690702693,1194.56690702693,1194.56690702693,1194.56690702693,1194.56690702693,1194.56690702693,505.543627729899,505.543627729899,505.543627729899,505.543627729899,505.543627729899,505.543627729899,505.543627729899,505.543627729899,505.543627729899,505.543627729899,505.543627729899,505.543627729899,505.543627729899,505.543627729899,309.201042561508,309.201042561508,309.201042561508,309.201042561508,309.201042561508,227.6319314119,227.6319314119,227.6319314119,227.6319314119,227.6319314119,227.6319314119,227.6319314119,144.348009659348,144.348009659348,144.348009659348,144.348009659348,0,0,0,0,0,0,0,0,0,0,0,0,0,0,0,0,0
2598.12362620488,2598.12362620488,2598.12362620488,2598.12362620488,2598.12362620488,2598.12362620488,2598.12362620488,2598.12362620488,2598.12362620488,2598.12362620488,2259.41150302456,2259.41150302456,2259.41150302456,1685.88220663001,1685.88220663001,1685.88220663001,1685.88220663001,1685.88220663001,1194.56690702693,1194.56690702693,1194.56690702693,1194.56690702693,1194.56690702693,1194.56690702693,1194.56690702693,505.543627729899,505.543627729899,505.543627729899,505.543627729899,505.543627729899,505.543627729899,505.543627729899,505.543627729899,505.543627729899,505.543627729899,505.543627729899,505.543627729899,505.543627729899,505.543627729899,309.201042561508,309.201042561508,309.201042561508,309.201042561508,309.201042561508,227.6319314119,227.6319314119,227.6319314119,227.6319314119,227.6319314119,227.6319314119,227.6319314119,144.348009659348,144.348009659348,144.348009659348,144.348009659348,0,0,0,0,0,0,0,0,0,0,0,0,0,0,0,0,0
2598.12362620488,2598.12362620488,2598.12362620488,2598.12362620488,2598.12362620488,2598.12362620488,2598.12362620488,2598.12362620488,2598.12362620488,2598.12362620488,2259.41150302456,2259.41150302456,2259.41150302456,1685.88220663001,1685.88220663001,1685.88220663001,1685.88220663001,1685.88220663001,1194.56690702693,1194.56690702693,1194.56690702693,1194.56690702693,1194.56690702693,1194.56690702693,1194.56690702693,505.543627729899,505.543627729899,505.543627729899,505.543627729899,505.543627729899,505.543627729899,505.543627729899,505.543627729899,505.543627729899,505.543627729899,505.543627729899,505.543627729899,505.543627729899,505.543627729899,309.201042561508,309.201042561508,309.201042561508,309.201042561508,309.201042561508,227.6319314119,227.6319314119,227.6319314119,227.6319314119,227.6319314119,227.6319314119,227.6319314119,144.348009659348,144.348009659348,144.348009659348,144.348009659348,0,0,0,0,0,0,0,0,0,0,0,0,0,0,0,0,0
2598.12362620488,2598.12362620488,2598.12362620488,2598.12362620488,2598.12362620488,2598.12362620488,2598.12362620488,2598.12362620488,2598.12362620488,2598.12362620488,2259.41150302456,2259.41150302456,2259.41150302456,1685.88220663001,1685.88220663001,1685.88220663001,1685.88220663001,1685.88220663001,1194.56690702693,1194.56690702693,1194.56690702693,1194.56690702693,1194.56690702693,1194.56690702693,1194.56690702693,505.543627729899,505.543627729899,505.543627729899,505.543627729899,505.543627729899,505.543627729899,505.543627729899,505.543627729899,505.543627729899,505.543627729899,505.543627729899,505.543627729899,505.543627729899,505.543627729899,309.201042561508,309.201042561508,309.201042561508,309.201042561508,309.201042561508,227.6319314119,227.6319314119,227.6319314119,227.6319314119,227.6319314119,227.6319314119,227.6319314119,144.348009659348,144.348009659348,144.348009659348,144.348009659348,0,0,0,0,0,0,0,0,0,0,0,0,0,0,0,0,0
2598.12362620488,2598.12362620488,2598.12362620488,2598.12362620488,2598.12362620488,2598.12362620488,2598.12362620488,2598.12362620488,2598.12362620488,2598.12362620488,2259.41150302456,2259.41150302456,2259.41150302456,1685.88220663001,1685.88220663001,1685.88220663001,1685.88220663001,1685.88220663001,1194.56690702693,1194.56690702693,1194.56690702693,1194.56690702693,1194.56690702693,1194.56690702693,1194.56690702693,505.543627729899,505.543627729899,505.543627729899,505.543627729899,505.543627729899,505.543627729899,505.543627729899,505.543627729899,505.543627729899,505.543627729899,505.543627729899,505.543627729899,505.543627729899,505.543627729899,309.201042561508,309.201042561508,309.201042561508,309.201042561508,309.201042561508,227.6319314119,227.6319314119,227.6319314119,227.6319314119,227.6319314119,227.6319314119,227.6319314119,144.348009659348,144.348009659348,144.348009659348,144.348009659348,0,0,0,0,0,0,0,0,0,0,0,0,0,0,0,0,0
2598.12362620488,2598.12362620488,2598.12362620488,2598.12362620488,2598.12362620488,2598.12362620488,2598.12362620488,2598.12362620488,2598.12362620488,2598.12362620488,2259.41150302456,2259.41150302456,2259.41150302456,1685.88220663001,1685.88220663001,1685.88220663001,1685.88220663001,1685.88220663001,1194.56690702693,1194.56690702693,1194.56690702693,1194.56690702693,1194.56690702693,1194.56690702693,1194.56690702693,505.543627729899,505.543627729899,505.543627729899,505.543627729899,505.543627729899,505.543627729899,505.543627729899,505.543627729899,505.543627729899,505.543627729899,505.543627729899,505.543627729899,505.543627729899,505.543627729899,309.201042561508,309.201042561508,309.201042561508,309.201042561508,309.201042561508,227.6319314119,227.6319314119,227.6319314119,227.6319314119,227.6319314119,227.6319314119,227.6319314119,144.348009659348,144.348009659348,144.348009659348,144.348009659348,0,0,0,0,0,0,0,0,0,0,0,0,0,0,0,0,0
2598.12362620488,2598.12362620488,2598.12362620488,2598.12362620488,2598.12362620488,2598.12362620488,2598.12362620488,2598.12362620488,2598.12362620488,2598.12362620488,2259.41150302456,2259.41150302456,2259.41150302456,1685.88220663001,1685.88220663001,1685.88220663001,1685.88220663001,1685.88220663001,1194.56690702693,1194.56690702693,1194.56690702693,1194.56690702693,1194.56690702693,1194.56690702693,1194.56690702693,505.543627729899,505.543627729899,505.543627729899,505.543627729899,505.543627729899,505.543627729899,505.543627729899,505.543627729899,505.543627729899,505.543627729899,505.543627729899,505.543627729899,505.543627729899,505.543627729899,309.201042561508,309.201042561508,309.201042561508,309.201042561508,309.201042561508,227.6319314119,227.6319314119,227.6319314119,227.6319314119,227.6319314119,227.6319314119,227.6319314119,144.348009659348,144.348009659348,144.348009659348,144.348009659348,0,0,0,0,0,0,0,0,0,0,0,0,0,0,0,0,0
2598.12362620488,2598.12362620488,2598.12362620488,2598.12362620488,2598.12362620488,2598.12362620488,2598.12362620488,2598.12362620488,2598.12362620488,2598.12362620488,2259.41150302456,2259.41150302456,2259.41150302456,1685.88220663001,1685.88220663001,1685.88220663001,1685.88220663001,1685.88220663001,1194.56690702693,1194.56690702693,1194.56690702693,1194.56690702693,1194.56690702693,1194.56690702693,1194.56690702693,505.543627729899,505.543627729899,505.543627729899,505.543627729899,505.543627729899,505.543627729899,505.543627729899,505.543627729899,505.543627729899,505.543627729899,505.543627729899,505.543627729899,505.543627729899,505.543627729899,309.201042561508,309.201042561508,309.201042561508,309.201042561508,309.201042561508,227.6319314119,227.6319314119,227.6319314119,227.6319314119,227.6319314119,227.6319314119,227.6319314119,144.348009659348,144.348009659348,144.348009659348,144.348009659348,0,0,0,0,0,0,0,0,0,0,0,0,0,0,0,0,0
2598.12362620488,2598.12362620488,2598.12362620488,2598.12362620488,2598.12362620488,2598.12362620488,2598.12362620488,2598.12362620488,2598.12362620488,2598.12362620488,2259.41150302456,2259.41150302456,2259.41150302456,1685.88220663001,1685.88220663001,1685.88220663001,1685.88220663001,1685.88220663001,1194.56690702693,1194.56690702693,1194.56690702693,1194.56690702693,1194.56690702693,1194.56690702693,1194.56690702693,505.543627729899,505.543627729899,505.543627729899,505.543627729899,505.543627729899,505.543627729899,505.543627729899,505.543627729899,505.543627729899,505.543627729899,505.543627729899,505.543627729899,505.543627729899,505.543627729899,309.201042561508,309.201042561508,309.201042561508,309.201042561508,309.201042561508,227.6319314119,227.6319314119,227.6319314119,227.6319314119,227.6319314119,227.6319314119,227.6319314119,144.348009659348,144.348009659348,144.348009659348,144.348009659348,0,0,0,0,0,0,0,0,0,0,0,0,0,0,0,0,0
2598.12362620488,2598.12362620488,2598.12362620488,2598.12362620488,2598.12362620488,2598.12362620488,2598.12362620488,2598.12362620488,2598.12362620488,2598.12362620488,2259.41150302456,2259.41150302456,2259.41150302456,1685.88220663001,1685.88220663001,1685.88220663001,1685.88220663001,1685.88220663001,1194.56690702693,1194.56690702693,1194.56690702693,1194.56690702693,1194.56690702693,1194.56690702693,1194.56690702693,505.543627729899,505.543627729899,505.543627729899,505.543627729899,505.543627729899,505.543627729899,505.543627729899,505.543627729899,505.543627729899,505.543627729899,505.543627729899,505.543627729899,505.543627729899,505.543627729899,309.201042561508,309.201042561508,309.201042561508,309.201042561508,309.201042561508,227.6319314119,227.6319314119,227.6319314119,227.6319314119,227.6319314119,227.6319314119,227.6319314119,144.348009659348,144.348009659348,144.348009659348,144.348009659348,0,0,0,0,0,0,0,0,0,0,0,0,0,0,0,0,0
2598.12362620488,2598.12362620488,2598.12362620488,2598.12362620488,2598.12362620488,2598.12362620488,2598.12362620488,2598.12362620488,2598.12362620488,2598.12362620488,2259.41150302456,2259.41150302456,2259.41150302456,1685.88220663001,1685.88220663001,1685.88220663001,1685.88220663001,1685.88220663001,1194.56690702693,1194.56690702693,1194.56690702693,1194.56690702693,1194.56690702693,1194.56690702693,1194.56690702693,505.543627729899,505.543627729899,505.543627729899,505.543627729899,505.543627729899,505.543627729899,505.543627729899,505.543627729899,505.543627729899,505.543627729899,505.543627729899,505.543627729899,505.543627729899,505.543627729899,309.201042561508,309.201042561508,309.201042561508,309.201042561508,309.201042561508,227.6319314119,227.6319314119,227.6319314119,227.6319314119,227.6319314119,227.6319314119,227.6319314119,144.348009659348,144.348009659348,144.348009659348,144.348009659348,0,0,0,0,0,0,0,0,0,0,0,0,0,0,0,0,0
2598.12362620488,2598.12362620488,2598.12362620488,2598.12362620488,2598.12362620488,2598.12362620488,2598.12362620488,2598.12362620488,2598.12362620488,2598.12362620488,2259.41150302456,2259.41150302456,2259.41150302456,1685.88220663001,1685.88220663001,1685.88220663001,1685.88220663001,1685.88220663001,1194.56690702693,1194.56690702693,1194.56690702693,1194.56690702693,1194.56690702693,1194.56690702693,1194.56690702693,505.543627729899,505.543627729899,505.543627729899,505.543627729899,505.543627729899,505.543627729899,505.543627729899,505.543627729899,505.543627729899,505.543627729899,505.543627729899,505.543627729899,505.543627729899,505.543627729899,309.201042561508,309.201042561508,309.201042561508,309.201042561508,309.201042561508,227.6319314119,227.6319314119,227.6319314119,227.6319314119,227.6319314119,227.6319314119,227.6319314119,144.348009659348,144.348009659348,144.348009659348,144.348009659348,0,0,0,0,0,0,0,0,0,0,0,0,0,0,0,0,0
2598.12362620488,2598.12362620488,2598.12362620488,2598.12362620488,2598.12362620488,2598.12362620488,2598.12362620488,2598.12362620488,2598.12362620488,2598.12362620488,2259.41150302456,2259.41150302456,2259.41150302456,1685.88220663001,1685.88220663001,1685.88220663001,1685.88220663001,1685.88220663001,1194.56690702693,1194.56690702693,1194.56690702693,1194.56690702693,1194.56690702693,1194.56690702693,1194.56690702693,505.543627729899,505.543627729899,505.543627729899,505.543627729899,505.543627729899,505.543627729899,505.543627729899,505.543627729899,505.543627729899,505.543627729899,505.543627729899,505.543627729899,505.543627729899,505.543627729899,309.201042561508,309.201042561508,309.201042561508,309.201042561508,309.201042561508,227.6319314119,227.6319314119,227.6319314119,227.6319314119,227.6319314119,227.6319314119,227.6319314119,144.348009659348,144.348009659348,144.348009659348,144.348009659348,0,0,0,0,0,0,0,0,0,0,0,0,0,0,0,0,0
2598.12362620488,2598.12362620488,2598.12362620488,2598.12362620488,2598.12362620488,2598.12362620488,2598.12362620488,2598.12362620488,2598.12362620488,2598.12362620488,2259.41150302456,2259.41150302456,2259.41150302456,1685.88220663001,1685.88220663001,1685.88220663001,1685.88220663001,1685.88220663001,1194.56690702693,1194.56690702693,1194.56690702693,1194.56690702693,1194.56690702693,1194.56690702693,1194.56690702693,505.543627729899,505.543627729899,505.543627729899,505.543627729899,505.543627729899,505.543627729899,505.543627729899,505.543627729899,505.543627729899,505.543627729899,505.543627729899,505.543627729899,505.543627729899,505.543627729899,309.201042561508,309.201042561508,309.201042561508,309.201042561508,309.201042561508,227.6319314119,227.6319314119,227.6319314119,227.6319314119,227.6319314119,227.6319314119,227.6319314119,144.348009659348,144.348009659348,144.348009659348,144.348009659348,0,0,0,0,0,0,0,0,0,0,0,0,0,0,0,0,0
2598.12362620488,2598.12362620488,2598.12362620488,2598.12362620488,2598.12362620488,2598.12362620488,2598.12362620488,2598.12362620488,2598.12362620488,2598.12362620488,2259.41150302456,2259.41150302456,2259.41150302456,1685.88220663001,1685.88220663001,1685.88220663001,1685.88220663001,1685.88220663001,1194.56690702693,1194.56690702693,1194.56690702693,1194.56690702693,1194.56690702693,1194.56690702693,1194.56690702693,505.543627729899,505.543627729899,505.543627729899,505.543627729899,505.543627729899,505.543627729899,505.543627729899,505.543627729899,505.543627729899,505.543627729899,505.543627729899,505.543627729899,505.543627729899,505.543627729899,309.201042561508,309.201042561508,309.201042561508,309.201042561508,309.201042561508,227.6319314119,227.6319314119,227.6319314119,227.6319314119,227.6319314119,227.6319314119,227.6319314119,144.348009659348,144.348009659348,144.348009659348,144.348009659348,0,0,0,0,0,0,0,0,0,0,0,0,0,0,0,0,0
